Job_ID,Job_Title,Company,Location,Job_Type,Experience_Requirement,Job_Description,Skills,Posted_Date,Job_URL,Source,Scraped_Date,City,State_Region,Country,Skill_Count
5837139386,Business Analyst,Capco,India,full_time,Unknown,"This job is with Capco, an inclusive employer and a member of myGwork – the largest global platform for the LGBTQ business community. Please do not contact the recruiter directly. Job Title: BA/PM Capital Market About Us “Capco, a Wipro company, is a global technology and management consulting firm. Awarded with Consultancy of the year in the British Bank Award and has been ranked Top 100 Best Companies for Women in India 2022 by Avtar & Seramount . With our presence across 32 cities across glo…",,2026-08-12,https://www.adzuna.in/land/ad/5837139386?se=lmRKHHGo8RGS9tX3gPU9Ng&utm_medium=api&utm_source=e9841bd4&v=E3DCC2DBFE4E6A7A1CEDD56C704AE19E69B379A7,Adzuna API,2026-09-04,Remote / Nationwide,Pan-India,India,0
5838614313,Business Analyst - Liquidity,Capco,India,full_time,Unknown,"This job is with Capco, an inclusive employer and a member of myGwork – the largest global platform for the LGBTQ business community. Please do not contact the recruiter directly. Job Title: BA Liquidity About Us “Capco, a Wipro company, is a global technology and management consulting firm. Awarded with Consultancy of the year in the British Bank Award and has been ranked Top 100 Best Companies for Women in India 2022 by Avtar & Seramount . With our presence across 32 cities across globe, we s…",,2026-08-12,https://www.adzuna.in/land/ad/5838614313?se=lmRKHHGo8RGS9tX3gPU9Ng&utm_medium=api&utm_source=e9841bd4&v=5D952B1C2165B4F64537AFBA8F777EC4BC45A071,Adzuna API,2026-09-04,Remote / Nationwide,Pan-India,India,0
5837139231,Fraud Business Analyst,Standard Chartered Bank,"Bangalore, Karnataka",full_time,Unknown,"This job is with Standard Chartered Bank, an inclusive employer and a member of myGwork – the largest global platform for the LGBTQ business community. Please do not contact the recruiter directly. Job Summary The role will be responsible for • Minimise Fraud losses by analysis of fraud trends, MIS, reviews, reporting and compliance • Head Office Reporting and Stakeholder reporting for GBS supported countries • Minimise fraud losses by recommending rules to detect real time fraud and on pro-act…",,2026-08-12,https://www.adzuna.in/land/ad/5837139231?se=lmRKHHGo8RGS9tX3gPU9Ng&utm_medium=api&utm_source=e9841bd4&v=9EB7DB70AEB7AAC9053AABE30A9302B57160D866,Adzuna API,2026-09-04,Bangalore,Karnataka,India,0
5837139692,Business Analyst_Basel,Capco,India,full_time,Unknown,"This job is with Capco, an inclusive employer and a member of myGwork – the largest global platform for the LGBTQ business community. Please do not contact the recruiter directly. Job Title: Treasury Product BA About Us “Capco, a Wipro company, is a global technology and management consulting firm. Awarded with Consultancy of the year in the British Bank Award and has been ranked Top 100 Best Companies for Women in India 2022 by Avtar & Seramount . With our presence across 32 cities across glob…",,2026-08-12,https://www.adzuna.in/land/ad/5837139692?se=lmRKHHGo8RGS9tX3gPU9Ng&utm_medium=api&utm_source=e9841bd4&v=F5E0A0664729AF9681D085F988CD8DAF99AE0327,Adzuna API,2026-09-04,Remote / Nationwide,Pan-India,India,0
5867115070,MREL- Business Analyst,Capco,India,full_time,Unknown,"This job is with Capco, an inclusive employer and a member of myGwork – the largest global platform for the LGBTQ business community. Please do not contact the recruiter directly. Job Title: MREL - BA About Us “Capco, a Wipro company, is a global technology and management consulting firm. Awarded with Consultancy of the year in the British Bank Award and has been ranked Top 100 Best Companies for Women in India 2022 by Avtar & Seramount . With our presence across 32 cities across globe, we supp…",,2026-09-02,https://www.adzuna.in/land/ad/5867115070?se=lmRKHHGo8RGS9tX3gPU9Ng&utm_medium=api&utm_source=e9841bd4&v=0E1FDE4CA5D2F314F7CC3D4F8B929167F5D9F914,Adzuna API,2026-09-04,Remote / Nationwide,Pan-India,India,0
5842115043,"Business Analyst, Subledger Change",Standard Chartered Bank,"Chennai, Tamil Nadu",full_time,Unknown,"This job is with Standard Chartered Bank, an inclusive employer and a member of myGwork – the largest global platform for the LGBTQ business community. Please do not contact the recruiter directly. Job Summary We're looking for a talented Business Analyst to join our Markets Technology team. You'll work across Financial Markets Analytics, Risk and Valuation and partner with our international SABRE team, helping to transform complex data into strategic insights to drive us forward. You'll be par…",,2026-08-15,https://www.adzuna.in/land/ad/5842115043?se=lmRKHHGo8RGS9tX3gPU9Ng&utm_medium=api&utm_source=e9841bd4&v=CB41CADBEFA7A10F63F372BC45DE44AB09879D32,Adzuna API,2026-09-04,Chennai,Tamil Nadu,India,0
5864429139,Oracle Finance Business Analyst,Insight Global,"Bangalore, Karnataka",Not Specified,Unknown,"Duration: Permanent Location : Bengaluru, India (Hybrid, Tuesday and Thursday Onsite) Job Description We are seeking a highly motivated Senior Business Analyst with strong expertise in Accounts Payable (AP) and Accounts Receivable (AR), along with hands-on experience in OneSource (Thomson Reuters Tax Engine) and Oracle E-Business Tax (EBTax). The ideal candidate will have deep knowledge of Sales & Use Tax, experience working across multi-ERP environments (Oracle Cloud, Microsoft Dynamics, etc.)…",,2026-09-01,https://www.adzuna.in/land/ad/5864429139?se=lmRKHHGo8RGS9tX3gPU9Ng&utm_medium=api&utm_source=e9841bd4&v=D6170E3CE801A93796AA94D43A76D255D3A7D694,Adzuna API,2026-09-04,Bangalore,Karnataka,India,0
5815611056,"Business Analyst, Content Enablement",Novartis,India,full_time,Unknown,"This job is with Novartis, an inclusive employer and a member of myGwork – the largest global platform for the LGBTQ business community. Please do not contact the recruiter directly. Summary LI-Hybrid - Location: Hyderabad, 3 days' work from office at Novartis, Hyderabad is mandatory Novartis' Content Enablement Team vision is to provide content technology that enables world-class creative and executional excellence by 2028. We will do this by developing an industry-leading content ecosystem fo…",,2026-07-25,https://www.adzuna.in/land/ad/5815611056?se=lmRKHHGo8RGS9tX3gPU9Ng&utm_medium=api&utm_source=e9841bd4&v=397DE29BB585DACB89502F7664565DD97346859B,Adzuna API,2026-09-04,Remote / Nationwide,Pan-India,India,0
5860916280,Advanced Business Analyst II,Invesco,"Hyderabad, Telangana",full_time,Unknown,"This job is with Invesco, an inclusive employer and a member of myGwork – the largest global platform for the LGBTQ business community. Please do not contact the recruiter directly. As one of the world's leading independent global investment firms, Invesco is dedicated to rethinking possibilities for our clients. By delivering the combined power of our distinctive investment management capabilities, we provide a wide range of investment strategies and vehicles to our clients around the world. I…",,2026-08-29,https://www.adzuna.in/land/ad/5860916280?se=lmRKHHGo8RGS9tX3gPU9Ng&utm_medium=api&utm_source=e9841bd4&v=7A94059D5EE20E6E939F489A328460C3F69F191F,Adzuna API,2026-09-04,Hyderabad,Telangana,India,0
5840277311,"Business Analyst, Subledger Change",Standard Chartered Bank,"Chennai, Tamil Nadu",full_time,Unknown,"This job is with Standard Chartered Bank, an inclusive employer and a member of myGwork – the largest global platform for the LGBTQ business community. Please do not contact the recruiter directly. Key Responsibilities Strategy Aspire is a multi-year strategic investment programme to transform GCFO into a modern, globally-consistent organisation with skills, capabilities and jobs that match competitor banks. The programme is responsible to develop and implement the GCFO strategy to deliver the …",,2026-08-13,https://www.adzuna.in/land/ad/5840277311?se=lmRKHHGo8RGS9tX3gPU9Ng&utm_medium=api&utm_source=e9841bd4&v=7820AD10C96769A4B6AB59A0CD613D907B30EBF2,Adzuna API,2026-09-04,Chennai,Tamil Nadu,India,0
5864434043,Oracle CPQ Business Analyst,Tata Consultancy Services,"Bangalore, Karnataka",Not Specified,Unknown,"years of IT/business consulting experience, including 2 or more successful Oracle CPQ Cloud (BigMachines) implementation or transformation projects. Strong functional understanding of Oracle CPQ Cloud capabilities across product configuration, pricing, discounting, quoting, approvals, document generation, renewals, amendments, and order handoff processes. Act as the functional liaison between business stakeholders, sales operations, product/pricing teams, IT teams, and offshore delivery teams t…",Stakeholder Management,2026-09-01,https://www.adzuna.in/land/ad/5864434043?se=lmRKHHGo8RGS9tX3gPU9Ng&utm_medium=api&utm_source=e9841bd4&v=CCCBA8FF6CB526B6EA64927C659CD26772C01E4B,Adzuna API,2026-09-04,Bangalore,Karnataka,India,1
5864435444,Oracle CPQ Business Analyst (Functional),Tata Consultancy Services,"Hyderabad, Telangana",Not Specified,Unknown,"Skills: Oracle CPQ Business Analyst (Functional) Experience Range: 5 to 15 years Location: PAN India Must Have Skills: Functional experience in Oracle CPQ Cloud implementations across configuration, pricing, quoting, approvals, document generation, renewals, amendments, and asset-based ordering. Strong understanding of Quote-to-Cash, Lead-to-Quote, Quote-to-Order, pricing governance, discounting, commercial approvals, and sales operations processes. Experience preparing functional specification…",,2026-09-01,https://www.adzuna.in/land/ad/5864435444?se=lmRKHHGo8RGS9tX3gPU9Ng&utm_medium=api&utm_source=e9841bd4&v=C70DD61D047A76DACD1293573C53B4EB5B7F7DEE,Adzuna API,2026-09-04,Hyderabad,Telangana,India,0
5864437931,Oracle CPQ Business Analyst (Functional),Tata Consultancy Services,"Mumbai, Maharashtra",Not Specified,Unknown,"I am currently working with TCS and seeking for an experienced Oracle CPQ Business Analyst (Functional) We believe that your skills and expertise are a better match for the skills we are looking for. Experience Range - 8 to 15 yrs If you are interested and to know more about the opportunity, kindly apply-. Minimum 10 years of IT/business consulting experience, including 2 or more successful Oracle CPQ Cloud (BigMachines) implementation or transformation projects. Strong functional understanding…",,2026-09-01,https://www.adzuna.in/land/ad/5864437931?se=lmRKHHGo8RGS9tX3gPU9Ng&utm_medium=api&utm_source=e9841bd4&v=4530AD2F17DBE140865D0B28A0996DCC494D1BBC,Adzuna API,2026-09-04,Mumbai,Maharashtra,India,0
5837139464,Business Analyst - Custody & Trade Processing,Capco,"Bangalore, Karnataka",full_time,Unknown,"This job is with Capco, an inclusive employer and a member of myGwork – the largest global platform for the LGBTQ business community. Please do not contact the recruiter directly. Job Title: BA - Custody & Trade Processing About Us “Capco, a Wipro company, is a global technology and management consulting firm. Awarded with Consultancy of the year in the British Bank Award and has been ranked Top 100 Best Companies for Women in India 2022 by Avtar & Seramount . With our presence across 32 cities…",,2026-08-12,https://www.adzuna.in/land/ad/5837139464?se=lmRKHHGo8RGS9tX3gPU9Ng&utm_medium=api&utm_source=e9841bd4&v=9B873E0CCC9FF124D27EC6C97E233569129CE6C0,Adzuna API,2026-09-04,Bangalore,Karnataka,India,0
5864422325,Oracle CPQ Business Analyst (Functional),Tata Consultancy Services,"Hyderabad, Telangana",Not Specified,Unknown,"Job Description: Minimum 10 years of IT/business consulting experience, including 2 or more successful Oracle CPQ Cloud (BigMachines) implementation or transformation projects. Strong functional understanding of Oracle CPQ Cloud capabilities across product configuration, pricing, discounting, quoting, approvals, document generation, renewals, amendments, and order handoff processes. Act as the functional liaison between business stakeholders, sales operations, product/pricing teams, IT teams, a…",Stakeholder Management,2026-09-01,https://www.adzuna.in/land/ad/5864422325?se=lmRKHHGo8RGS9tX3gPU9Ng&utm_medium=api&utm_source=e9841bd4&v=5B296342D9397DD6B9C3E9D0C2E1A207BFEDF09C,Adzuna API,2026-09-04,Hyderabad,Telangana,India,1
5837139807,"IT&D Business Analyst, Quality",Reckitt,"Hyderabad, Telangana",full_time,Unknown,"This job is with Reckitt, an inclusive employer and a member of myGwork – the largest global platform for the LGBTQ business community. Please do not contact the recruiter directly. We are Reckitt Home to the world's best loved and trusted hygiene, health, and nutrition brands. Our purpose defines why we exist: to protect, heal and nurture in the relentless pursuit of a cleaner, healthier world. We are a global team united by this purpose.Join us in our fight to make access to the highest quali…",,2026-08-12,https://www.adzuna.in/land/ad/5837139807?se=lmRKHHGo8RGS9tX3gPU9Ng&utm_medium=api&utm_source=e9841bd4&v=3D96E7E9267B37E23061552F67DF328CDBCB8E91,Adzuna API,2026-09-04,Hyderabad,Telangana,India,0
5809380560,Sr. Business Analyst - Change Management,Invesco,"Hyderabad, Telangana",full_time,Unknown,"This job is with Invesco, an inclusive employer and a member of myGwork – the largest global platform for the LGBTQ business community. Please do not contact the recruiter directly. As one of the world's leading independent global investment firms, Invesco is dedicated to rethinking possibilities for our clients. By delivering the combined power of our distinctive investment management capabilities, we provide a wide range of investment strategies and vehicles to our clients around the world. I…",,2026-07-21,https://www.adzuna.in/land/ad/5809380560?se=lmRKHHGo8RGS9tX3gPU9Ng&utm_medium=api&utm_source=e9841bd4&v=00FA745C9BFF72E03F8565053777597E4114B25A,Adzuna API,2026-09-04,Hyderabad,Telangana,India,0
5837139548,Nostro Risk Reporting Business Analyst,Capco,"Chennai, Tamil Nadu",full_time,Unknown,"This job is with Capco, an inclusive employer and a member of myGwork – the largest global platform for the LGBTQ business community. Please do not contact the recruiter directly. Job Title: Nostro Risk Reporting BA About Us “Capco, a Wipro company, is a global technology and management consulting firm. Awarded with Consultancy of the year in the British Bank Award and has been ranked Top 100 Best Companies for Women in India 2022 by Avtar & Seramount . With our presence across 32 cities across…",,2026-08-12,https://www.adzuna.in/land/ad/5837139548?se=lmRKHHGo8RGS9tX3gPU9Ng&utm_medium=api&utm_source=e9841bd4&v=FE0B40EBBB5BC83F91C643296839DDB9E52E3E17,Adzuna API,2026-09-04,Chennai,Tamil Nadu,India,0
5837139481,Business Analyst – Cash Management & Intraday Liquidity,Capco,India,full_time,Unknown,"This job is with Capco, an inclusive employer and a member of myGwork – the largest global platform for the LGBTQ business community. Please do not contact the recruiter directly. Job Title: Business Analyst – Cash Management & Intraday Liquidity About Us “Capco, a Wipro company, is a global technology and management consulting firm. Awarded with Consultancy of the year in the British Bank Award and has been ranked Top 100 Best Companies for Women in India 2022 by Avtar & Seramount . With our p…",,2026-08-12,https://www.adzuna.in/land/ad/5837139481?se=lmRKHHGo8RGS9tX3gPU9Ng&utm_medium=api&utm_source=e9841bd4&v=9164B7D4E7E10EA6F7B9DAEA6492B89AEE051E14,Adzuna API,2026-09-04,Remote / Nationwide,Pan-India,India,0
5837139914,Business Analyst-Third Party Risk Management,Capco,"Bangalore, Karnataka",full_time,Unknown,"This job is with Capco, an inclusive employer and a member of myGwork – the largest global platform for the LGBTQ business community. Please do not contact the recruiter directly. Job Title: Business Analyst- Risk and Compliance About Us “Capco, a Wipro company, is a global technology and management consulting firm. Awarded with Consultancy of the year in the British Bank Award and has been ranked Top 100 Best Companies for Women in India 2022 by Avtar & Seramount . With our presence across 32 …",,2026-08-12,https://www.adzuna.in/land/ad/5837139914?se=lmRKHHGo8RGS9tX3gPU9Ng&utm_medium=api&utm_source=e9841bd4&v=D0881E74DD6EF225270AA28AF3565E757E8267A3,Adzuna API,2026-09-04,Bangalore,Karnataka,India,0
5860300765,"Business Analyst/AI Translator, Credit Risk",Deutsche Bank,"Mumbai, Maharashtra",full_time,Unknown,"This job is with Deutsche Bank, an inclusive employer and a member of myGwork – the largest global platform for the LGBTQ business community. Please do not contact the recruiter directly. Position Overview Role Description You will be working with the Risk Innovation & Change Team within Deutsche Bank's CRO function, a team responsible for driving strategic & regulatory transformation and process re-engineering across the End-to-End (E2E) credit life cycle. This role is at the forefront of a CR…",,2026-08-29,https://www.adzuna.in/land/ad/5860300765?se=lmRKHHGo8RGS9tX3gPU9Ng&utm_medium=api&utm_source=e9841bd4&v=5098E8A57654FBAA2CC69FE6295671A3B98E8257,Adzuna API,2026-09-04,Mumbai,Maharashtra,India,0
5865064905,"IT&D Business Analyst, SAP Pricing",Reckitt,"Hyderabad, Telangana",full_time,Unknown,"This job is with Reckitt, an inclusive employer and a member of myGwork – the largest global platform for the LGBTQ business community. Please do not contact the recruiter directly. We are Reckitt Home to the world's best loved and trusted hygiene, health, and nutrition brands. Our purpose defines why we exist: to protect, heal and nurture in the relentless pursuit of a cleaner, healthier world. We are a global team united by this purpose.Join us in our fight to make access to the highest quali…",,2026-09-01,https://www.adzuna.in/land/ad/5865064905?se=lmRKHHGo8RGS9tX3gPU9Ng&utm_medium=api&utm_source=e9841bd4&v=D0FE65CC5E0B08A5A98B2FC55FB898755A0A4B92,Adzuna API,2026-09-04,Hyderabad,Telangana,India,0
5837139767,BFA Senior Business Analyst (Change Management),Capco,India,full_time,Unknown,"This job is with Capco, an inclusive employer and a member of myGwork – the largest global platform for the LGBTQ business community. Please do not contact the recruiter directly. Job Title: About Us “Capco, a Wipro company, is a global technology and management consulting firm. Awarded with Consultancy of the year in the British Bank Award and has been ranked Top 100 Best Companies for Women in India 2022 by Avtar & Seramount . With our presence across 32 cities across globe, we support 100 cl…",,2026-08-12,https://www.adzuna.in/land/ad/5837139767?se=lmRKHHGo8RGS9tX3gPU9Ng&utm_medium=api&utm_source=e9841bd4&v=1388DDB5D5FA800FA3C94F4BF6C85207DFF92CF3,Adzuna API,2026-09-04,Remote / Nationwide,Pan-India,India,0
5837139504,"IT&D Senior Business Analyst, Rewards & Benefits",Reckitt,"Hyderabad, Telangana",full_time,Unknown,"This job is with Reckitt, an inclusive employer and a member of myGwork – the largest global platform for the LGBTQ business community. Please do not contact the recruiter directly. We are Reckitt Home to the world's best loved and trusted hygiene, health, and nutrition brands. Our purpose defines why we exist: to protect, heal and nurture in the relentless pursuit of a cleaner, healthier world. We are a global team united by this purpose.Join us in our fight to make access to the highest quali…",,2026-08-12,https://www.adzuna.in/land/ad/5837139504?se=lmRKHHGo8RGS9tX3gPU9Ng&utm_medium=api&utm_source=e9841bd4&v=4E720F36FFBE8800D6C7890BA9EFFA5233B9F5CF,Adzuna API,2026-09-04,Hyderabad,Telangana,India,0
5867727348,"Business Management Analyst, AS",Deutsche Bank,"Mumbai, Maharashtra",full_time,Unknown,"This job is with Deutsche Bank, an inclusive employer and a member of myGwork – the largest global platform for the LGBTQ business community. Please do not contact the recruiter directly. Position Overview Role Description We are looking for an expert and forward-thinking Data Scientist/Analyst to shape and deliver strategic COO initiatives, operating model improvements and process excellence priorities across the Private Bank. Role requires understanding the project requirement & the process f…",,2026-09-03,https://www.adzuna.in/land/ad/5867727348?se=lmRKHHGo8RGS9tX3gPU9Ng&utm_medium=api&utm_source=e9841bd4&v=FB650AE0C5A0F639A3230D36D3A8F41BB48A14B8,Adzuna API,2026-09-04,Mumbai,Maharashtra,India,0
5837139431,Business Data Analyst,Capco,India,full_time,Unknown,"This job is with Capco, an inclusive employer and a member of myGwork – the largest global platform for the LGBTQ business community. Please do not contact the recruiter directly. Job Title: Business Data Analyst About Us “Capco, a Wipro company, is a global technology and management consulting firm. Awarded with Consultancy of the year in the British Bank Award and has been ranked Top 100 Best Companies for Women in India 2022 by Avtar & Seramount . With our presence across 32 cities across gl…",,2026-08-12,https://www.adzuna.in/land/ad/5837139431?se=lmRKHHGo8RGS9tX3gPU9Ng&utm_medium=api&utm_source=e9841bd4&v=9F2281852FD004BE4D0EAD9279FE898C7B3E11ED,Adzuna API,2026-09-04,Remote / Nationwide,Pan-India,India,0
5864433137,Business Intelligence Analyst,BPMLinks,"Hyderabad, Telangana",Not Specified,Unknown,"Senior Business Intelligence Engineer (Power BI) Experience level: 5 years Function: Data & Analytics / Business Intelligence Engagement type: Client-facing delivery (consulting / embedded analytics) About the Role We're looking for a Senior BI Engineer who can own the full lifecycle of analytics delivery, from data modeling in the warehouse through to polished, secure, production-grade Power BI reporting embedded in client-facing applications. This is a hybrid technical and consultative role. …",Power BI,2026-09-01,https://www.adzuna.in/land/ad/5864433137?se=lmRKHHGo8RGS9tX3gPU9Ng&utm_medium=api&utm_source=e9841bd4&v=A832B7954097C28BDB145729B839467767F1E3F2,Adzuna API,2026-09-04,Hyderabad,Telangana,India,1
5857251124,Senior Business Analysis - Sr Business Analyst - BNPP - Paribas,Capco,"Bangalore, Karnataka",full_time,Unknown,"This job is with Capco, an inclusive employer and a member of myGwork – the largest global platform for the LGBTQ business community. Please do not contact the recruiter directly. About Us “Capco, a Wipro company, is a global technology and management consulting firm. Awarded with Consultancy of the year in the British Bank Award and has been ranked Top 100 Best Companies for Women in India 2022 by Avtar & Seramount . With our presence across 32 cities across globe, we support 100 clients acros…",,2026-08-27,https://www.adzuna.in/land/ad/5857251124?se=lmRKHHGo8RGS9tX3gPU9Ng&utm_medium=api&utm_source=e9841bd4&v=2BDA6E1E87A7D7EDE3952410F9E14A4AB2AA5A62,Adzuna API,2026-09-04,Bangalore,Karnataka,India,0
5860300789,"Project & Change Lead – Business Analyst/Project Manager, AVP",Deutsche Bank,"Mumbai, Maharashtra",full_time,Unknown,"This job is with Deutsche Bank, an inclusive employer and a member of myGwork – the largest global platform for the LGBTQ business community. Please do not contact the recruiter directly. Position Overview Role Description You will be joining the Credit Risk Management (CRM) Change Team within Deutsche Bank’s Group CRO function, who are responsible for driving and facilitating regulatory compliance, strategic transformation, and process re-engineering programmes of work in relation to managing …",,2026-08-29,https://www.adzuna.in/land/ad/5860300789?se=lmRKHHGo8RGS9tX3gPU9Ng&utm_medium=api&utm_source=e9841bd4&v=1C1ABFD9D46439949C0EBD2EF9122A4F14817D3E,Adzuna API,2026-09-04,Mumbai,Maharashtra,India,0
5864431952,Business Analyst (Fully Remote) – Top US MNC (Enterprise Software),SkillsCapital,India,Not Specified,Unknown,"We are hiring Business Analysts to join a Top US MNC building and scaling large-scale enterprise platforms, cloud-native applications, SaaS products, and AI-powered business solutions. This is an opportunity to work with a globally recognized organization while collaborating with product managers, engineering teams, business stakeholders, and customers to translate business needs into high-impact technology solutions used by thousands to millions of users worldwide. Location 100% Remote Start D…",Stakeholder Management,2026-09-01,https://www.adzuna.in/land/ad/5864431952?se=lmRKHHGo8RGS9tX3gPU9Ng&utm_medium=api&utm_source=e9841bd4&v=52E60498D0281935E4636F0AC5F35290196D84D5,Adzuna API,2026-09-04,Remote / Nationwide,Pan-India,India,1
5867726679,"Business Management Analyst, AVP",Deutsche Bank,"Mumbai, Maharashtra",full_time,Unknown,"This job is with Deutsche Bank, an inclusive employer and a member of myGwork – the largest global platform for the LGBTQ business community. Please do not contact the recruiter directly. Position Overview Role Description We are looking for an expert and forward-thinking Data Scientist/Expert to shape and deliver strategic COO initiatives, operating model improvements and process excellence priorities across the Private Bank. Role requires understanding the project requirement & the process fl…",,2026-09-03,https://www.adzuna.in/land/ad/5867726679?se=lmRKHHGo8RGS9tX3gPU9Ng&utm_medium=api&utm_source=e9841bd4&v=2488F69520E1565C12B6D1C35698E26B8FF6D9E2,Adzuna API,2026-09-04,Mumbai,Maharashtra,India,0
5867114866,Sr Business Systems Analyst,Moody's,India,full_time,Unknown,"This job is with Moody's, an inclusive employer and a member of myGwork – the largest global platform for the LGBTQ business community. Please do not contact the recruiter directly. At Moody's, we unite the brightest minds to turn today’s risks into tomorrow’s opportunities. We do this by striving to create an inclusive environment where everyone feels welcome to be who they are—with the freedom to exchange ideas, think innovatively, and listen to each other and customers in meaningful ways. Mo…",,2026-09-02,https://www.adzuna.in/land/ad/5867114866?se=lmRKHHGo8RGS9tX3gPU9Ng&utm_medium=api&utm_source=e9841bd4&v=9A6650C69654B90006EAFF308A34F46B36155343,Adzuna API,2026-09-04,Remote / Nationwide,Pan-India,India,0
5846723453,Sr Business Application Analyst,Moody's,India,full_time,Unknown,"This job is with Moody's, an inclusive employer and a member of myGwork – the largest global platform for the LGBTQ business community. Please do not contact the recruiter directly. At Moody's, we unite the brightest minds to turn today’s risks into tomorrow’s opportunities. We do this by striving to create an inclusive environment where everyone feels welcome to be who they are—with the freedom to exchange ideas, think innovatively, and listen to each other and customers in meaningful ways. Mo…",,2026-08-18,https://www.adzuna.in/land/ad/5846723453?se=lmRKHHGo8RGS9tX3gPU9Ng&utm_medium=api&utm_source=e9841bd4&v=EE2C4EDF00E47D65D245236B78E92008D3599176,Adzuna API,2026-09-04,Remote / Nationwide,Pan-India,India,0
5846723135,"Business Management Analyst, NCT",Deutsche Bank,"Pune, Maharashtra",full_time,Unknown,"This job is with Deutsche Bank, an inclusive employer and a member of myGwork – the largest global platform for the LGBTQ business community. Please do not contact the recruiter directly. Position Overview Role Description The PODL is a role responsible for leading all squads of platform services. Each squad will implement all enhancements and production fixes for Finacle, Document management, IVR, Robotics, Debit card management and all such satellite applications. The PODL is also responsible…",,2026-08-18,https://www.adzuna.in/land/ad/5846723135?se=lmRKHHGo8RGS9tX3gPU9Ng&utm_medium=api&utm_source=e9841bd4&v=A5AA54991B2C4468C4D8836717F17BA6A3E56F93,Adzuna API,2026-09-04,Pune,Maharashtra,India,0
5837138886,Principal Business Systems Analyst,Cornerstone OnDemand,"Hyderabad, Telangana",full_time,Unknown,"This job is with Cornerstone OnDemand, an inclusive employer and a member of myGwork – the largest global platform for the LGBTQ business community. Please do not contact the recruiter directly. Oracle Fusion Finance Systems Analyst(RTR) Cornerstoneis seeking a Oracle Fusion Finance Systems Analyst with strong expertisein Oracle Fusion Financials and Oracle Fusion Tax to support and enhanceend-to-end Financials and tax-related business processes. This role will ownthe functional configuration, …",,2026-08-12,https://www.adzuna.in/land/ad/5837138886?se=lmRKHHGo8RGS9tX3gPU9Ng&utm_medium=api&utm_source=e9841bd4&v=BA78504A2BD51C4E8BE535B9A6B85D92D8F286DF,Adzuna API,2026-09-04,Hyderabad,Telangana,India,0
5867265173,SAP Business One Analyst,Electrosteel Group,India,full_time,Unknown,"Company – Electrosteel castings Ltd. Location - Kolkata, Camac Street Position/Designation: Executive to Asst. Manager – IT (Based upon the Qualification & Experience) Employment Type – Full Time Job Specifications/Qualification requirements: Essential Academic/Professional Qualification: BE / B. Tech — (IT / IS / Computer Science) / MCA / M.Sc. (Computer Science/Systems)/ MBA (Systems) SAP B1 Certification (Preferred) Length of Experience: 4-8 years as SAP B1 Techno-Functional Consultant Techn…",,2026-09-02,https://www.adzuna.in/land/ad/5867265173?se=lmRKHHGo8RGS9tX3gPU9Ng&utm_medium=api&utm_source=e9841bd4&v=DF5F15CAA761A46F832318D061B4B928D9949348,Adzuna API,2026-09-04,Remote / Nationwide,Pan-India,India,0
5846723378,Business Finance Senior Analyst,Deutsche Bank,"Mumbai, Maharashtra",full_time,Unknown,"This job is with Deutsche Bank, an inclusive employer and a member of myGwork – the largest global platform for the LGBTQ business community. Please do not contact the recruiter directly. Position Overview Job Title: Business Finance Senior Analyst Corporate Title: AVP Location: Mumbai, India Role Description Within Business Finance, we have Revenue Control & Financial Control functions. For each product / business line the Revenue control & Financial control responsibilities are segregated & w…",,2026-08-18,https://www.adzuna.in/land/ad/5846723378?se=lmRKHHGo8RGS9tX3gPU9Ng&utm_medium=api&utm_source=e9841bd4&v=A8D5A375F09A5AD261972942F70E863FDE622222,Adzuna API,2026-09-04,Mumbai,Maharashtra,India,0
5846723667,Business Finance Senior Analyst,Deutsche Bank,"Mumbai, Maharashtra",full_time,Unknown,"This job is with Deutsche Bank, an inclusive employer and a member of myGwork – the largest global platform for the LGBTQ business community. Please do not contact the recruiter directly. Position Overview Location: Mumbai, India Role Description Individual Contributor Role within US Rates Business Finance team covering Product Control and Financial control functions. This role is based out in DIPL Mumbai and will be reporting to AVP / VP Business Finance Lead. Revenue control & Financial contr…",,2026-08-18,https://www.adzuna.in/land/ad/5846723667?se=lmRKHHGo8RGS9tX3gPU9Ng&utm_medium=api&utm_source=e9841bd4&v=3B5C56D3F9176F68E280592ACEEBBD8CD9A332A4,Adzuna API,2026-09-04,Mumbai,Maharashtra,India,0
5846723110,Business Finance Senior Analyst,Deutsche Bank,"Mumbai, Maharashtra",full_time,Unknown,"This job is with Deutsche Bank, an inclusive employer and a member of myGwork – the largest global platform for the LGBTQ business community. Please do not contact the recruiter directly. Position Overview Role Description The Business Finance function is responsible for the production of business level revenue attribution, financial accounting and financial disclosures. It ensures, on a daily basis, the accurate and timely reporting of Profit and Loss (PnL) for each business unit and ensures t…",,2026-08-18,https://www.adzuna.in/land/ad/5846723110?se=lmRKHHGo8RGS9tX3gPU9Ng&utm_medium=api&utm_source=e9841bd4&v=2EA1145F5EFE160755466CD78E5ABD9C03F95872,Adzuna API,2026-09-04,Mumbai,Maharashtra,India,0
5867727281,"Business Risk & Control Analyst, AVP",Deutsche Bank,"Mumbai, Maharashtra",full_time,Unknown,"This job is with Deutsche Bank, an inclusive employer and a member of myGwork – the largest global platform for the LGBTQ business community. Please do not contact the recruiter directly. Position Overview Role Description About Deutsche Bank: Deutsche Bank is the leading German bank with strong European roots and a global network. We’re driving growth through our strong client franchise. Against a backdrop of increasing globalization in the world economy, Deutsche Bank is very well-positioned,…",,2026-09-03,https://www.adzuna.in/land/ad/5867727281?se=lmRKHHGo8RGS9tX3gPU9Ng&utm_medium=api&utm_source=e9841bd4&v=797670071ADDF18B487D7A07BB3E6D606261B9B3,Adzuna API,2026-09-04,Mumbai,Maharashtra,India,0
5837139638,BA Market Risk,Capco,India,full_time,Unknown,"This job is with Capco, an inclusive employer and a member of myGwork – the largest global platform for the LGBTQ business community. Please do not contact the recruiter directly. Job Title: Business Analyst Market Risk About Us “Capco, a Wipro company, is a global technology and management consulting firm. Awarded with Consultancy of the year in the British Bank Award and has been ranked Top 100 Best Companies for Women in India 2022 by Avtar & Seramount . With our presence across 32 cities ac…",,2026-08-12,https://www.adzuna.in/land/ad/5837139638?se=lmRKHHGo8RGS9tX3gPU9Ng&utm_medium=api&utm_source=e9841bd4&v=9C83D61A92EF4F91795C01C5C143B5045C6EC5C0,Adzuna API,2026-09-04,Remote / Nationwide,Pan-India,India,0
5837139460,Corporate Actions,Capco,India,full_time,Unknown,"This job is with Capco, an inclusive employer and a member of myGwork – the largest global platform for the LGBTQ business community. Please do not contact the recruiter directly. Job Title: Business Analyst Market Risk About Us “Capco, a Wipro company, is a global technology and management consulting firm. Awarded with Consultancy of the year in the British Bank Award and has been ranked Top 100 Best Companies for Women in India 2022 by Avtar & Seramount . With our presence across 32 cities ac…",,2026-08-12,https://www.adzuna.in/land/ad/5837139460?se=lmRKHHGo8RGS9tX3gPU9Ng&utm_medium=api&utm_source=e9841bd4&v=F9D75DE94F8D7E4253DA5E528CC0F4F76B63B107,Adzuna API,2026-09-04,Remote / Nationwide,Pan-India,India,0
5864435968,Salesforce BA - CPQ,Acunor,"Hyderabad, Telangana",Not Specified,Unknown,"Salesforce Business Analyst – CPQ Engagement: Contract Location: Hyderabad Experience: 5 Years About the Role We are looking for an experienced Salesforce Business Analyst with strong hands-on Salesforce CPQ experience to support a Salesforce CPQ implementation. The role will work across the Quote-to-Cash (QTC) lifecycle , partnering with business stakeholders, Salesforce architects, developers, and administrators to translate business requirements into scalable CPQ solutions. The ideal candida…",Requirements Gathering; Stakeholder Management,2026-09-01,https://www.adzuna.in/land/ad/5864435968?se=lmRKHHGo8RGS9tX3gPU9Ng&utm_medium=api&utm_source=e9841bd4&v=768FE243A16819EA7A8CDC09EE0991345898ABAF,Adzuna API,2026-09-04,Hyderabad,Telangana,India,2
5846723588,Analyst for CB - Business Finance,Deutsche Bank,"Mumbai, Maharashtra",full_time,Unknown,"This job is with Deutsche Bank, an inclusive employer and a member of myGwork – the largest global platform for the LGBTQ business community. Please do not contact the recruiter directly. Position Overview Corporate Title: Analyst Location: Mumbai, India Role Description This is a Business Finance role for the Corporate Bank (“CB”) franchise and is responsible for managing all CB Divisional Finance topics, facing off to FD/FMs and business managers across hub locations. The incumbent would be r…",R,2026-08-18,https://www.adzuna.in/land/ad/5846723588?se=lmRKHHGo8RGS9tX3gPU9Ng&utm_medium=api&utm_source=e9841bd4&v=4636B2D20086511B4BB7596C290FA66BF0DDB57B,Adzuna API,2026-09-04,Mumbai,Maharashtra,India,1
5864438212,Oracle PCMCS (EPM) Consultant,Tata Consultancy Services,"Bangalore, Karnataka",Not Specified,Unknown,"Role: Oracle PCMCS (EPM) Consultant Exp Range: 5Years Location: Pan India JD: 5 years of experience in business analyst/EPM PCMCS (Profitability and Cost management cloud services) implementation *Strong understanding of EPM Cloud systems, module (PCMCS) and with good understanding of Business Process Flows *Exceptional analytical and problem-solving skills, with the ability to think strategically and translate complex concepts into actionable plans *Excellent communication skills, with the abi…",Business Process Analysis; Communication,2026-09-01,https://www.adzuna.in/land/ad/5864438212?se=lmRKHHGo8RGS9tX3gPU9Ng&utm_medium=api&utm_source=e9841bd4&v=20F99E7C2139876BD593A6D9EC7B6CF43E3ECA63,Adzuna API,2026-09-04,Bangalore,Karnataka,India,2
5870527899,Techno Functional Business Anlayst,Insight Global,India,Not Specified,Unknown,"Job Description We are seeking an experienced Oracle GTM Techno-Functional Business Analyst to support the global rollout and ongoing enhancement of Oracle GTM (Global Trade Management). With the initial implementation complete, this role will focus on maintenance, optimization, and expansion of the tool for our client's global customers. The ideal candidate will partner closely with business stakeholders to gather and analyze requirements, drive global communication, and lead functional enhanc…",Stakeholder Management,2026-09-04,https://www.adzuna.in/land/ad/5870527899?se=lmRKHHGo8RGS9tX3gPU9Ng&utm_medium=api&utm_source=e9841bd4&v=2CBDEB5D8BC3D2E924046309372ED071BF1E68D4,Adzuna API,2026-09-04,Remote / Nationwide,Pan-India,India,1
5859991660,Marketing Communications Intern,Tricog Health,"Bangalore, Karnataka",full_time,Unknown,"Marketing Communications Intern Type: Internship (Full-time) About the Role Tricog Health is looking for a proactive and detail-oriented Marketing Communications Intern to support the stakeholder management process for internal marketing collateral requests. This role sits at the center of how internal teams (sales, inside sales, business development, leadership, etc.) get their marketing and design needs fulfilled, from the first requirement conversation to final delivery. You'll sit in on sta…",Stakeholder Management,2026-08-29,https://www.adzuna.in/land/ad/5859991660?se=lmRKHHGo8RGS9tX3gPU9Ng&utm_medium=api&utm_source=e9841bd4&v=6F0DE967662277E779D618E0AC98C1E697074A32,Adzuna API,2026-09-04,Bangalore,Karnataka,India,1
5837139625,Liquidity - Design Analyst,Capco,India,full_time,Unknown,"This job is with Capco, an inclusive employer and a member of myGwork – the largest global platform for the LGBTQ business community. Please do not contact the recruiter directly. Role purpose This role is within the Design capability for Finance on the cloud under Transformation Family. Requirement Analysis & Design team is a team formed under change delivery and this role is expected to support Finance in the cloud design & implementation work India. The team consist of 30-40 Business analyst…",,2026-08-12,https://www.adzuna.in/land/ad/5837139625?se=lmRKHHGo8RGS9tX3gPU9Ng&utm_medium=api&utm_source=e9841bd4&v=4512448BB1CAA607C8FADF9953897FB2699D9547,Adzuna API,2026-09-04,Remote / Nationwide,Pan-India,India,0
5867035828,Guidewire CC Configuration Developer- Immediate Joiners,Stratus,India,Not Specified,Unknown,"Job Description: We are looking for a skilled Guidewire ClaimCenter Configuration Developer to join our team. The ideal candidate will have strong experience in configuring ClaimCenter and delivering high-quality solutions within the Guidewire platform. Key Responsibilities: Configure and customize Guidewire ClaimCenter based on business requirements Develop and maintain business rules, workflows, and UI components Collaborate with business analysts and stakeholders to understand functional nee…",Requirements Gathering; Stakeholder Management,2026-09-02,https://www.adzuna.in/land/ad/5867035828?se=lmRKHHGo8RGS9tX3gPU9Ng&utm_medium=api&utm_source=e9841bd4&v=89189B197D9DC6187A3562B04CF0E8A292CF46C0,Adzuna API,2026-09-04,Remote / Nationwide,Pan-India,India,2
5864433680,Data Integration Specialist,TEKsystems Global Services in India,"Hyderabad, Telangana",Not Specified,Unknown,"Migrate existing ETL workflows from Informatica and SSIS to SnapLogic. Design and develop new ETL pipelines using SnapLogic for data ingestion, transformation, and loading. Implement cloud-based ETL solutions leveraging: AWS Services: S3 for storage, Lambda for serverless processing, Glue for ETL orchestration, and CloudWatch for monitoring. Infrastructure as Code: CloudFormation for provisioning ETL environments. Write and maintain shell scripts for automation and job orchestration. Develop an…",,2026-09-01,https://www.adzuna.in/land/ad/5864433680?se=lmRKHHGo8RGS9tX3gPU9Ng&utm_medium=api&utm_source=e9841bd4&v=DEA1427A7A5DC3239CD9A0E07C079383E0C9B284,Adzuna API,2026-09-04,Hyderabad,Telangana,India,0
5867265386,Frontend Developer,Luxoft,India,Not Specified,Unknown,"About the Role The role will contribute to building modern user interfaces, including user-facing front-end journeys, workflows, validation screens, navigation patterns, and integration experiences. The Front-End Engineer will work closely with Product Owners, Business Analysts, UX Designers, Back-End Engineers, Architects, and platform teams to deliver secure, accessible, performant, and maintainable user experiences aligned with engineering standards. Responsibilities Design, develop, and mai…",,2026-09-02,https://www.adzuna.in/land/ad/5867265386?se=ZPBIHnGo8RGlI_dq_IL75Q&utm_medium=api&utm_source=e9841bd4&v=9E5F0975545404A475C6C866D307B505570B1D50,Adzuna API,2026-09-04,Remote / Nationwide,Pan-India,India,0
5864438745,Functional Product Analyst (AA) - India,Thakral One,India,Not Specified,Unknown,"As a Functional Product Analyst (AA) , you will support analysis, configuration, and delivery activities across AA Retail, AA Deposits, and AA Loans in the Temenos T24 core banking system. You will interpret business requirements, work directly with users, and contribute to implementation projects through strong functional expertise. What You’ll Do and How You’ll Succeed Job Requirements Apply more than ten years of experience as a Business Analyst in the Temenos T24 core banking system. Use st…",Requirements Gathering,2026-09-01,https://www.adzuna.in/land/ad/5864438745?se=ZPBIHnGo8RGlI_dq_IL75Q&utm_medium=api&utm_source=e9841bd4&v=E8101848FFAF6D3CC16F717117F96F7F9F74CF6B,Adzuna API,2026-09-04,Remote / Nationwide,Pan-India,India,1
5857213368,Calypso BA,Blue Spire Inc,"Hyderabad, Telangana",Not Specified,Unknown,"Experience: 8 Years Role Type: Calypso Business Analyst Domain: Global Markets / Capital Markets Location: Hyderabad Job Summary We are looking for an experienced Global Markets Domain Expert with strong Calypso and Business Analysis expertise. The ideal candidate will have 8 years of experience in Business Analysis, strong exposure to Capital/Global Markets, and the ability to work across business change and technology projects. The role will involve requirements gathering and analysis, stakeh…",Requirements Gathering,2026-08-26,https://www.adzuna.in/land/ad/5857213368?se=ZPBIHnGo8RGlI_dq_IL75Q&utm_medium=api&utm_source=e9841bd4&v=AABD46C8549593FFEA8E982018B432D115904041,Adzuna API,2026-09-04,Hyderabad,Telangana,India,1
5867270321,Front-End Developer,Luxoft,India,Not Specified,Unknown,"Project Description: Responsible for designing, building, and supporting high-quality front-end applications for client onboarding, a strategic platform for modernising product onboarding, bid capture, regulatory processes, and sales enablement across wholesale banking. The role will contribute to building modern user interfaces, including user-facing front-end journeys, workflows, validation screens, navigation patterns, and integration experiences. The Front-End Engineer will work closely wit…",,2026-09-02,https://www.adzuna.in/land/ad/5867270321?se=ZPBIHnGo8RGlI_dq_IL75Q&utm_medium=api&utm_source=e9841bd4&v=6B0CA9C3FEF122AA84F4C4A6B702BDAF83A34930,Adzuna API,2026-09-04,Remote / Nationwide,Pan-India,India,0
5864434632,BI Engineer (SAS),PwC Acceleration Centers,"Hyderabad, Telangana",Not Specified,Unknown,"BI Engineer (SAS) Location Bangalore / Hyderabad Experience 3 -10 Years Tools (Must) SAS (Base, SAS/SQL, SAS/Macros, SAS/ODS, SAS EG, SAS Visual Analytics) Tools (Good to have) Tableau, Power BI, SQL Industry Healthcare (US) — Claims, Clinical, HEDIS, Pharmacy, Population Health Position Summary The SAS BI Developer / Advanced Analytics Analyst is a core analytics contributor within the Healthcare Analytics & Insights Managed Services engagement. This role is responsible for SAS-based statistic…",SQL; Power BI; Tableau,2026-09-01,https://www.adzuna.in/land/ad/5864434632?se=ZPBIHnGo8RGlI_dq_IL75Q&utm_medium=api&utm_source=e9841bd4&v=1E39B38EC5693938E5FD6ACC04DCE74BFCDCCA8B,Adzuna API,2026-09-04,Hyderabad,Telangana,India,3
5864439309,BI Engineer (SAS),PwC Acceleration Centers,"Bangalore, Karnataka",Not Specified,Unknown,"BI Engineer (SAS) Location Bangalore / Hyderabad Experience 3 -10 Years Tools (Must) SAS (Base, SAS/SQL, SAS/Macros, SAS/ODS, SAS EG, SAS Visual Analytics) Tools (Good to have) Tableau, Power BI, SQL Industry Healthcare (US) — Claims, Clinical, HEDIS, Pharmacy, Population Health Position Summary The SAS BI Developer / Advanced Analytics Analyst is a core analytics contributor within the Healthcare Analytics & Insights Managed Services engagement. This role is responsible for SAS-based statistic…",SQL; Power BI; Tableau,2026-09-01,https://www.adzuna.in/land/ad/5864439309?se=ZPBIHnGo8RGlI_dq_IL75Q&utm_medium=api&utm_source=e9841bd4&v=A8824099779BC062C05E7E59CBEECFEBC5D26D86,Adzuna API,2026-09-04,Bangalore,Karnataka,India,3
5864428823,Senior Technical Specialist,Sikich India,India,Not Specified,Unknown,"We are seeking a Senior Technical Specialist to join our Professional Services team supporting the implementation, configuration, and business analysis of our ConceptOne™ platform and advanced Identity & Access Management solutions. This role is ideal for a technically strong professional with expertise in SQL development, system configuration, business requirements gathering, and analysis. You will possess deep insurance domain knowledge and the ability to work directly with project teams to d…",SQL; Requirements Gathering,2026-09-01,https://www.adzuna.in/land/ad/5864428823?se=ZPBIHnGo8RGlI_dq_IL75Q&utm_medium=api&utm_source=e9841bd4&v=76E27EB5296884886E33697E5F13325BB1D58797,Adzuna API,2026-09-04,Remote / Nationwide,Pan-India,India,2
5864436909,Senior Java Developer _ Exp: 6 Years _ Hybrid Model,Atyeti Inc,India,Not Specified,Unknown,"Key Responsibilities Design, develop, test, and maintain applications using Java/J2EE . Develop robust and scalable RESTful APIs and microservices . Work with Spring Boot, Spring Framework, and Hibernate/JPA . Design and optimize database queries using SQL . Integrate applications with internal and external services. Troubleshoot production issues and perform root-cause analysis. Write clean, maintainable, and unit-tested code. Participate in code reviews and contribute to technical design disc…",SQL,2026-09-01,https://www.adzuna.in/land/ad/5864436909?se=ZPBIHnGo8RGlI_dq_IL75Q&utm_medium=api&utm_source=e9841bd4&v=ECDCB78ED4520C943E3B35C1092E9FC8BA8B5F38,Adzuna API,2026-09-04,Remote / Nationwide,Pan-India,India,1
5837139383,Product Manager,Capco,"Bangalore, Karnataka",full_time,Unknown,"This job is with Capco, an inclusive employer and a member of myGwork – the largest global platform for the LGBTQ business community. Please do not contact the recruiter directly. Job Title: Business Analyst- Capital Market/IB Domain About Us “Capco, a Wipro company, is a global technology and management consulting firm. Awarded with Consultancy of the year in the British Bank Award and has been ranked Top 100 Best Companies for Women in India 2022 by Avtar & Seramount . With our presence acros…",,2026-08-12,https://www.adzuna.in/land/ad/5837139383?se=ZPBIHnGo8RGlI_dq_IL75Q&utm_medium=api&utm_source=e9841bd4&v=B59C2764E993F20F6D103EFED86F1CBDA506836F,Adzuna API,2026-09-04,Bangalore,Karnataka,India,0
5837139372,BA -Capital Market - Bangalore,Capco,"Bangalore, Karnataka",full_time,Unknown,"This job is with Capco, an inclusive employer and a member of myGwork – the largest global platform for the LGBTQ business community. Please do not contact the recruiter directly. Job Title: Business Analyst- Capital Market/IB Domain About Us “Capco, a Wipro company, is a global technology and management consulting firm. Awarded with Consultancy of the year in the British Bank Award and has been ranked Top 100 Best Companies for Women in India 2022 by Avtar & Seramount . With our presence acros…",,2026-08-12,https://www.adzuna.in/land/ad/5837139372?se=ZPBIHnGo8RGlI_dq_IL75Q&utm_medium=api&utm_source=e9841bd4&v=6AEF408EF496944EC4C39A07105E9A4A40175640,Adzuna API,2026-09-04,Bangalore,Karnataka,India,0
5838614311,Financial Analyst,Capco,"Mumbai, Maharashtra",full_time,Unknown,"This job is with Capco, an inclusive employer and a member of myGwork – the largest global platform for the LGBTQ business community. Please do not contact the recruiter directly. Job Title: Business Analyst- Capital Market/IB Domain About Us “Capco, a Wipro company, is a global technology and management consulting firm. Awarded with Consultancy of the year in the British Bank Award and has been ranked Top 100 Best Companies for Women in India 2022 by Avtar & Seramount . With our presence acros…",,2026-08-12,https://www.adzuna.in/land/ad/5838614311?se=ZPBIHnGo8RGlI_dq_IL75Q&utm_medium=api&utm_source=e9841bd4&v=5F0717BD1E210C6183396BDE1FCB720DB8AB4DB1,Adzuna API,2026-09-04,Mumbai,Maharashtra,India,0
5840636701,Frontline Technology Associate,Azim Premji Foundation,India,Not Specified,Unknown,"The Context The Technology group of Azim Premji Foundation has embarked on several digital initiatives to enhance the efficiency and effectiveness of various process areas touching different functional units of the Foundation including Field, University, Healthcare and Philanthropy. We have been deploying a number of mobile apps and web apps for our members and partners to use. Here are a few examples of the applications that have been launched recently. Teacher Development Tracking Applicatio …",,2026-08-14,https://www.adzuna.in/land/ad/5840636701?se=ZPBIHnGo8RGlI_dq_IL75Q&utm_medium=api&utm_source=e9841bd4&v=8CC7595814B59C3F7D1F510449C43E6F037BE1FC,Adzuna API,2026-09-04,Remote / Nationwide,Pan-India,India,0
5864423140,Functional Analyst / Solution Designer,Actualize,India,full_time,Unknown,"Functional Analyst / Solution Designer Location: Bengaluru Experience: 7–10 Years Employment Type: Full Time Reporting To: Project Manager – GITH Role Overview Looking for an experienced Functional Analyst / Solution Designer to bridge the gap between business stakeholders and technical teams. Translate business requirements into functional specifications, user stories, process flows, and acceptance criteria. Work on enterprise applications involving Microsoft Azure, Node.js, and enterprise int…",Requirements Gathering; Stakeholder Management,2026-09-01,https://www.adzuna.in/land/ad/5864423140?se=ZPBIHnGo8RGlI_dq_IL75Q&utm_medium=api&utm_source=e9841bd4&v=F60CB1D304245171F82377D9A7DF65ABF71E7EBC,Adzuna API,2026-09-04,Remote / Nationwide,Pan-India,India,2
5868794080,D365 F&O Technical Consultant,DynaTech Systems,"Ahmedabad, Gujarat",Not Specified,Unknown,"Role: Microsoft Dynamics 365 Finance & Operations (D365 F&O) Technical Experience: 4–7 Years Location: Ahmedabad / Remote Key Responsibilities 1. Application Development Design, develop, customize, and maintain Microsoft Dynamics 365 Finance & Operations (D365 F&O) solutions based on business requirements. Develop and customize solutions using X, C#, Power Apps, and Power Automate. Develop customizations, extensions, workflows, forms, reports, and business logic in accordance with Microsoft bes…",Requirements Gathering,2026-09-03,https://www.adzuna.in/land/ad/5868794080?se=ZPBIHnGo8RGlI_dq_IL75Q&utm_medium=api&utm_source=e9841bd4&v=344CA0D7E80578B896D99F1150684002BAE0B658,Adzuna API,2026-09-04,Ahmedabad,Gujarat,India,1
5860916024,Sr. BA II,Invesco,"Hyderabad, Telangana",full_time,Unknown,"This job is with Invesco, an inclusive employer and a member of myGwork – the largest global platform for the LGBTQ business community. Please do not contact the recruiter directly. As one of the world's leading independent global investment firms, Invesco is dedicated to rethinking possibilities for our clients. By delivering the combined power of our distinctive investment management capabilities, we provide a wide range of investment strategies and vehicles to our clients around the world. I…",,2026-08-29,https://www.adzuna.in/land/ad/5860916024?se=ZPBIHnGo8RGlI_dq_IL75Q&utm_medium=api&utm_source=e9841bd4&v=529B6C172891F552D3DDB48E2E538C7E24074E75,Adzuna API,2026-09-04,Hyderabad,Telangana,India,0
5834882820,Growth Analytics Specialist – Customer Monetization,Furlenco,India,Not Specified,Unknown,"About Furlenco Furlenco is a different furniture company. We enable the urban Indian to live better today in their homes, by giving them award-winning furniture and home decor with a basket of access to rent, buy, sell and buy back. All of our furniture is designed in-house by experts. We don’t just give furniture. We provide decor, accessories and appliances as well. We have launched our first ever offline stores so that one can furnish their entire home, room or corner without traversing mult…",,2026-08-10,https://www.adzuna.in/land/ad/5834882820?se=ZPBIHnGo8RGlI_dq_IL75Q&utm_medium=api&utm_source=e9841bd4&v=7C223DD4E63094E55DB8633626B49E2CF9ED0187,Adzuna API,2026-09-04,Remote / Nationwide,Pan-India,India,0
5864425959,ETL QA Testing - MDM,Neurealm,"Chennai, Tamil Nadu",Not Specified,Unknown,"Role Summary We are seeking an experienced MDM QA Engineer with strong SQL, PySpark, and ETL testing skills to support Healthfirst's Information Management (IM) team. While prior MDM experience is preferred, the ideal candidate should have a solid technical foundation in data validation, data quality, and large-scale data platform testing. Key Responsibilities: Perform functional and data validation testing for MDM and data integration solutions. Validate ETL pipelines and data transformations …",SQL,2026-09-01,https://www.adzuna.in/land/ad/5864425959?se=ZPBIHnGo8RGlI_dq_IL75Q&utm_medium=api&utm_source=e9841bd4&v=F5092C3EE3B9924FC55059B0757137B1804DB819,Adzuna API,2026-09-04,Chennai,Tamil Nadu,India,1
5867264907,Data Engineer,Tata Consultancy Services,India,Not Specified,Unknown,"Walk-In Drive Gurugram 22 Aug 26 (Saturday) Job Role: Azure Data Bricks Developer Exp: 7 Years Location: Gurugram ( Skyview Corporate Park, Tower B, GG7, Delhi - Gurgaon Expressway, Sector 74A, Gurugram, Haryana 122004) Job Description: Design, develop, and maintain scalable data pipelines using Azure Databricks. Develop ETL/ELT processes for ingesting, transforming, and loading large-scale datasets. Build and optimize Spark-based applications using PySpark, Scala, or SQL. Integrate data from…",SQL,2026-09-02,https://www.adzuna.in/land/ad/5867264907?se=ZPBIHnGo8RGlI_dq_IL75Q&utm_medium=api&utm_source=e9841bd4&v=B19813FC33CD9980F21B329F80C921C939C0D71D,Adzuna API,2026-09-04,Remote / Nationwide,Pan-India,India,1
5851314119,Guidewire Claims Developer,Coforge,"Hyderabad, Telangana",Not Specified,Unknown,"Job Title: Guidewire Claims Developer Skills: Guidewire, Claims center, GOSU Experience: 4-12 Years Location: Hyderabad, Greater Noida & Pune We at Coforge are hiring for Guidewire Claims Developer Design, develop, and implement solutions in Guidewire ClaimCenter Configure and customize ClaimCenter components such as: PCF (Page Configuration Files) Business Rules (Validation, Assignment, Workflow) Typelists and Entities Extend the data model by adding new fields and entities Develop Gosu script…",Process Mapping,2026-08-21,https://www.adzuna.in/land/ad/5851314119?se=ZPBIHnGo8RGlI_dq_IL75Q&utm_medium=api&utm_source=e9841bd4&v=F420DF6A20A1BF2B2E7302278EE7FC0281D6BF72,Adzuna API,2026-09-04,Hyderabad,Telangana,India,1
5864435024,Talend Open Studio,Tata Consultancy Services,"Mumbai, Maharashtra",Not Specified,Unknown,"Job Description – Talend Open Studio Developer Role: Talend Open Studio Developer Experience: 4–8 Years Location: Mumbai yantra Park Key Responsibilities Design, develop, test, and support ETL/data integration solutions using Talend Open Studio. Build and maintain data pipelines for extracting, transforming, and loading data from multiple source systems. Develop Talend jobs, mappings, transformations, workflows, and reusable components. Perform data validation, error handling, performance tunin…",,2026-09-01,https://www.adzuna.in/land/ad/5864435024?se=ZPBIHnGo8RGlI_dq_IL75Q&utm_medium=api&utm_source=e9841bd4&v=C38E34990AB560B098E14456F66281DEA6012203,Adzuna API,2026-09-04,Mumbai,Maharashtra,India,0
5864434982,OSDU Specialist,HCLTech,"Noida, Ghaziabad",Not Specified,Unknown,"Role: Business Analyst - OSDU Location: Noida /Bangalore Role Summary We are looking for a senior Upstream Business Analyst with strong, hands-on expertise on the OSDU (Open Subsurface Data Universe) Data Platform. The role sits at the intersection of subsurface and wells business workflows and the OSDU cloud-native data architecture, covering the end-to-end delivery lifecycle – requirement analysis, functional and data design, development coordination, ingestion configuration, packaging and te…",,2026-09-01,https://www.adzuna.in/land/ad/5864434982?se=ZPBIHnGo8RGlI_dq_IL75Q&utm_medium=api&utm_source=e9841bd4&v=24D661D43B3026987EE94F6BB9A657B8F490709F,Adzuna API,2026-09-04,Noida,Ghaziabad,India,0
5864436590,Quality Assurance Automation Engineer,QualiZeal,"Hyderabad, Telangana",Not Specified,Unknown,"QA Automation Engineer – TestIM Job Summary We are seeking a QA Automation Engineer with 6-10 years of experience in software testing and 4 years of hands-on expertise in TestIM. The ideal candidate will be responsible for developing and maintaining automation frameworks, executing automated test suites, integrating automation with CI/CD pipelines, and ensuring high-quality software delivery. Key Responsibilities Design, develop, and maintain automated test scripts usin g Testim. Automate Smoke…",,2026-09-01,https://www.adzuna.in/land/ad/5864436590?se=ZPBIHnGo8RGlI_dq_IL75Q&utm_medium=api&utm_source=e9841bd4&v=9401CE524AA8D611C6C1FD0FEBDF25868DBB16EE,Adzuna API,2026-09-04,Hyderabad,Telangana,India,0
5864423455,PL/SQL Developer(Walk in For Mumbai),Tata Consultancy Services,"Mumbai, Maharashtra",Not Specified,Unknown,"Role: PL/SQL Developer Experience: 4 to 6yrs Drive Location: TCS-Mumbai, Maharashtra Reporting Time: 9:30am-12:30pm Mode of Interview: Walk in Drive Date of Interview: 22nd August, 2026 Responsibilities :- Design, develop, test, and maintain PL/SQL procedures, packages, functions, triggers, and database objects in Oracle environments. Write efficient and optimized SQL queries to support business applications and improve database performance. Analyze business requirements and translate them into…",SQL; Requirements Gathering,2026-09-01,https://www.adzuna.in/land/ad/5864423455?se=ZPBIHnGo8RGlI_dq_IL75Q&utm_medium=api&utm_source=e9841bd4&v=83B0EC0BEE5DE0DCA2F006565F4761330FD36499,Adzuna API,2026-09-04,Mumbai,Maharashtra,India,2
5864422050,Walkin Drive_Salesforce Technical Lead_22nd Aug 26_Bengaluru,Tata Consultancy Services,"Bangalore, Karnataka",full_time,Unknown,"Greetings from TCS TCS is Hiring for Salesforce Technical Lead Role: Salesforce Technical Lead Experience Range: 5-13 yrs Location: Bangalore Education: Minimum 15 years of full-time education (10th, 12th and Graduation) Job Description: Perform functional, regression, integration, system, and UAT testing for Salesforce applications. Validate Salesforce configurations, customizations, Apex classes, Lightning components, Flows, and integrations. Create and execute detailed test plans, test scena…",,2026-09-01,https://www.adzuna.in/land/ad/5864422050?se=ZPBIHnGo8RGlI_dq_IL75Q&utm_medium=api&utm_source=e9841bd4&v=7E588EAB3FEF3C29D87EF451C3142ACC595B66FE,Adzuna API,2026-09-04,Bangalore,Karnataka,India,0
5859573341,Senior Quality Assurance Automation Engineer,SII Group India,"Bangalore, Karnataka",Not Specified,Unknown,"Job Title - Senior QA Automation Engineer Experience - 11 years Location - Bengaluru Key Responsibilities Design, develop, and maintain automated test scripts using Playwright (C#) . Create and execute UI and API automation test cases. ISTQB Basic Foundation Certification (Preferred). Perform all types of testing- functional, regression, integration, and smoke testing. Integrate automated test suites into CI/CD pipelines . Collaborate closely with developers, product owners, and business analys…",,2026-08-28,https://www.adzuna.in/land/ad/5859573341?se=ZPBIHnGo8RGlI_dq_IL75Q&utm_medium=api&utm_source=e9841bd4&v=E0EF45D146C68071B50041BB7BC58BB1E77A3092,Adzuna API,2026-09-04,Bangalore,Karnataka,India,0
5864429988,Quality Assurance Automation Engineer,SII Group India,"Bangalore, Karnataka",Not Specified,Unknown,"Job Title - Junior QA Automation Engineer Experience - 2 to 4 years Location - Bengaluru Key Responsibilities Design, develop, and maintain automated test scripts using Playwright (C#) . Create and execute UI and API automation test cases. ISTQB Basic Foundation Certification (Preferred). Perform all types of testing- functional, regression, integration, and smoke testing. Integrate automated test suites into CI/CD pipelines . Collaborate closely with developers, product owners, and business an…",,2026-09-01,https://www.adzuna.in/land/ad/5864429988?se=ZPBIHnGo8RGlI_dq_IL75Q&utm_medium=api&utm_source=e9841bd4&v=9ED45D5C8A28E29F1CC92906DF0F61C70CE8A6C8,Adzuna API,2026-09-04,Bangalore,Karnataka,India,0
5864439196,Senior Back End Engineer - Java,HDFC Bank,"Bangalore, Karnataka",Not Specified,Unknown,"Job Purpose Understand business and technical requirements in detail and perform backend engineering tasks to design, build and maintain Java 21 / Spring Boot–based APIs, microservices and related batch processes for critical retail banking journeys in Enterprise Factory, Bangalore. Design, develop and maintain Java 21 / Spring Boot–based microservices and batch programs, meeting agreed quality, performance and timeliness goals. Translate functional and non-functional requirements into robust R…",R,2026-09-01,https://www.adzuna.in/land/ad/5864439196?se=ZPBIHnGo8RGlI_dq_IL75Q&utm_medium=api&utm_source=e9841bd4&v=5CEB6774308643D412B4FA3C0E2B73D8FBE9E9F0,Adzuna API,2026-09-04,Bangalore,Karnataka,India,1
5864440934,Senior Data Modeler - AI & Advanced Analytics [LLM / Azure / GCP],Luxoft India,"Chennai, Tamil Nadu",Not Specified,Unknown,"Project Description: We are seeking an experienced Data Modeler with AI expertise to design, develop, and govern enterprise-scale data models that support advanced analytics, Machine Learning (ML), Generative AI (GenAI), and business intelligence initiatives. You need to have strong experience in conceptual, logical, and physical data modeling, data architecture, cloud data platforms, and AI-ready data ecosystems. You will work closely with Data Architects, Data Engineers, AI/ML Engineers, Busi…",,2026-09-01,https://www.adzuna.in/land/ad/5864440934?se=ZPBIHnGo8RGlI_dq_IL75Q&utm_medium=api&utm_source=e9841bd4&v=C0F9CC5B2B94554E9E7D13F0B5524A7F11793C1B,Adzuna API,2026-09-04,Chennai,Tamil Nadu,India,0
5865286259,Data Quality Engineer,BPMLinks,"Hyderabad, Telangana",Not Specified,Unknown,"Job Title: QA Data Engineer (4-5 years) Location: Hitech City, Hyderabad About Us: We are seeking an experienced and highly motivated QA Data Engineer. The ideal candidate will play a critical role in ensuring the quality, accuracy, integrity, and reliability of enterprise data platforms, ETL pipelines, data warehouses, and reporting systems. The candidate will work closely with Data Engineers, Business Analysts, QA teams, and client stakeholders to validate complex data transformations, automa…",Stakeholder Management,2026-09-02,https://www.adzuna.in/land/ad/5865286259?se=ZPBIHnGo8RGlI_dq_IL75Q&utm_medium=api&utm_source=e9841bd4&v=6DBC47CEB2597F6BCA10040F3F34EBC6824679F9,Adzuna API,2026-09-04,Hyderabad,Telangana,India,1
5858114183,Business Development Manager,Selective Global Search Pvt. Ltd.,"Delhi, India",Not Specified,Unknown,"Market Research Analyst/Business Development Analyst/ Business Development Manager Job Summary We are looking for a proactive and analytical Market Research & Business Development Analyst to support our Business Development team in identifying new business opportunities, strengthening corporate client relationships, and providing actionable market intelligence. The role involves extensive market research, data analysis, LinkedIn campaigns, competitor analysis, and identification of potential cl…",Data Analysis,2026-08-27,https://www.adzuna.in/land/ad/5858114183?se=ZPBIHnGo8RGlI_dq_IL75Q&utm_medium=api&utm_source=e9841bd4&v=1157CDFFA958AD4F611A7256374BA8660507676F,Adzuna API,2026-09-04,Delhi,India,India,1
5837139803,Capital Reporting PM BA,Capco,"Mumbai, Maharashtra",full_time,Unknown,"This job is with Capco, an inclusive employer and a member of myGwork – the largest global platform for the LGBTQ business community. Please do not contact the recruiter directly. Job Title: Capital Reporting About Us “Capco, a Wipro company, is a global technology and management consulting firm. Awarded with Consultancy of the year in the British Bank Award and has been ranked Top 100 Best Companies for Women in India 2022 by Avtar & Seramount. With our presence across 32 cities across globe, …",,2026-08-12,https://www.adzuna.in/land/ad/5837139803?se=ZPBIHnGo8RGlI_dq_IL75Q&utm_medium=api&utm_source=e9841bd4&v=6D6EED0A34BF47BA6E322A410BC885B1D52C93F6,Adzuna API,2026-09-04,Mumbai,Maharashtra,India,0
5864427492,User Interface Manager,Intellect Design Arena Ltd,"Chennai, Tamil Nadu",Not Specified,Unknown,"Position – Manager/ Lead UI/UX Designer Location- Chennai/Goregaon Relevant Exp: 12– 18yrs in Banking Preferred Roles & Responsibilities: Hands-on Design Responsibilities Champion principles of usability, accessibility, and user-centered design. Apply knowledge of designing in an Agile environment while collaborating with cross-functional teams. Conduct user research, stakeholder interviews, heuristic evaluations, and competitive analysis. Develop user flows, journey maps, wireframes, page flow…",Agile,2026-09-01,https://www.adzuna.in/land/ad/5864427492?se=ZPBIHnGo8RGlI_dq_IL75Q&utm_medium=api&utm_source=e9841bd4&v=CF587F0FEEB724330DD2B95B53E54405095507A8,Adzuna API,2026-09-04,Chennai,Tamil Nadu,India,1
5864435640,User Experience Designer,EXL,"Bangalore, Karnataka",full_time,Unknown,"Role: Power BI Wireframe Designer (Banking Domain) Location: Gurgaon (Delhi NCR) / Bangalore Work Model: 5 Days Mandatory Work from Office Type: Full-Time Experience: 5 to 7 Years Role Summary We are looking for an experienced Wireframe Designer with expertise in designing analytical dashboards and reporting solutions for the banking and financial services domain. The ideal candidate will be responsible for translating business requirements, KPIs, and decision-making needs into intuitive dashbo…",Power BI; Requirements Gathering,2026-09-01,https://www.adzuna.in/land/ad/5864435640?se=ZPBIHnGo8RGlI_dq_IL75Q&utm_medium=api&utm_source=e9841bd4&v=5FA8499439247873A7B8A5CAB5D3BFA79004A05C,Adzuna API,2026-09-04,Bangalore,Karnataka,India,2
5864421825,ETL Developer,Capgemini,"Hyderabad, Telangana",Not Specified,Unknown,"We are seeking a highly skilled DataStage Developer to design, develop, and maintain robust ETL processes for our growing data warehouse. In this role, you will be the bridge between raw data and actionable business insights, leveraging your expertise in IBM InfoSphere DataStage , complex SQL , and UNIX shell scripting to build high-performance data pipelines. Locations: Pune/Bangalore Key Responsibilities: ETL Design & Development: Create, test, and deploy complex Parallel and Sequencer jobs u…",SQL,2026-09-01,https://www.adzuna.in/land/ad/5864421825?se=ZPBIHnGo8RGlI_dq_IL75Q&utm_medium=api&utm_source=e9841bd4&v=6CA34436AF0763D0CA1F05768572BD25D3327C92,Adzuna API,2026-09-04,Hyderabad,Telangana,India,1
5840637178,Technical Project Manager,Suffescom Solutions Inc,India,Not Specified,Unknown,"Job Overview: We are looking for a detail-oriented and technically proficient Technical Project Coordinator who brings hands-on development experience along with client-facing expertise on the Upwork platform. This role involves closely coordinating with clients, understanding their requirements, assisting in project planning, and ensuring smooth communication between clients and the internal development team. Key Responsibilities: Coordinate ongoing web and mobile development projects, ensurin…",,2026-08-14,https://www.adzuna.in/land/ad/5840637178?se=ZPBIHnGo8RGlI_dq_IL75Q&utm_medium=api&utm_source=e9841bd4&v=20E17ED75D1C6179FEEF3181226E8E14FC76BB30,Adzuna API,2026-09-04,Remote / Nationwide,Pan-India,India,0
5864438059,SAS Developer,EXL,"Karnataka, India",Not Specified,Unknown,"About the Role: We are looking for an experienced SAS Developer with strong SQL skills to join our data and analytics team. The candidate should have hands-on experience in SAS programming , data analysis, ETL processes , and database querying. The ideal candidate should be capable of handling large datasets, developing reports, and supporting business requirements in a fast-paced environment. Key Responsibilities: Develop, maintain, and optimize SAS programs and batch jobs. Write complex SQL q…",SQL; Data Analysis; Requirements Gathering,2026-09-01,https://www.adzuna.in/land/ad/5864438059?se=ZPBIHnGo8RGlI_dq_IL75Q&utm_medium=api&utm_source=e9841bd4&v=5E9AC711D0FFF5EBE226C262C976B68D55D79B17,Adzuna API,2026-09-04,Karnataka,India,India,3
5864429557,User Interface Designer,Sharp Brains,India,Not Specified,Unknown,"Key Responsibilities Design intuitive, user-friendly, and visually consistent web and application interfaces. Translate business and functional requirements into effective UI designs. Create wireframes, mockups, prototypes, and high-fidelity UI designs. Develop and maintain design systems, UI components, and style guidelines. Collaborate with business analysts, solution architects, developers, and project managers. Ensure designs are responsive across desktop, tablet, and mobile platforms. Appl…",,2026-09-01,https://www.adzuna.in/land/ad/5864429557?se=ZPBIHnGo8RGlI_dq_IL75Q&utm_medium=api&utm_source=e9841bd4&v=F94AC0EC8400C2799FEEABAE1AE8B4C209002897,Adzuna API,2026-09-04,Remote / Nationwide,Pan-India,India,0
5864429499,SAP Integration Suite Consultant,Capgemini,"Bangalore, Karnataka",Not Specified,Unknown,"Role Summary The SAP BTP–CPI Lead is responsible for architecting, designing, developing, and leading integration solutions using SAP Business Technology Platform (BTP) and Cloud Platform Integration (CPI) . The role involves overseeing end‑to‑end integration lifecycle, collaborating with business and technical teams, ensuring integration quality, and guiding junior developers. Key Responsibilities 1. Integration Architecture & Design Design and architect integration solutions using SAP CPI , S…",,2026-09-01,https://www.adzuna.in/land/ad/5864429499?se=ZPBIHnGo8RGlI_dq_IL75Q&utm_medium=api&utm_source=e9841bd4&v=3AEB87BF728897EBF05A2A5AFC0D1CA50E495DF6,Adzuna API,2026-09-04,Bangalore,Karnataka,India,0
5864439069,Functional Analyst,GyanSys Inc.,"Bangalore, Karnataka",full_time,Unknown,"Role: Functional Analyst Location: Bangalore (Onsite) Full time Immediate Need About Us: GyanSys is a global mid-tier systems integrator company for over 20 years headquartered in the US with 3000 employees across 12 countries serving 160 active enterprise customers across Manufacturing, Industrial, Consumer, Life Sciences and High-Tech industries. GyanSys provides Digital Transformation services leveraging SAP, Salesforce, Databricks, Snowflake, Application Modernisation and various AI project…",,2026-09-01,https://www.adzuna.in/land/ad/5864439069?se=ZPBIHnGo8RGlI_dq_IL75Q&utm_medium=api&utm_source=e9841bd4&v=C8376D569B28291C49FA41E335B6B6EB47813B66,Adzuna API,2026-09-04,Bangalore,Karnataka,India,0
5868789143,Deputy Manager,Niva Bupa Health Insurance,India,Not Specified,Unknown,"Design, develop and optimized ETL/ELT pipelines: - Utilized Talend to create efficient data work flow that caters to organizational needs end-to-end ETL processes using Talend Open Studio or Talend Data Integration tools. Data Management: - Implement data Extraction, transformation, and loading process from a wide variety of source systems (e.g., SQL,oracle, flat files, APIs, cloud services). Should be able to transform structure /unstructured data into logical model Data Quality Assurance: - E…",SQL,2026-09-03,https://www.adzuna.in/land/ad/5868789143?se=ZPBIHnGo8RGlI_dq_IL75Q&utm_medium=api&utm_source=e9841bd4&v=49BF8E3C35978CBC838D48CB396263D15CF000AE,Adzuna API,2026-09-04,Remote / Nationwide,Pan-India,India,1
5870527089,Data Engineer,Amaris Consulting,"Bangalore, Karnataka",Not Specified,Unknown,"Role We are looking for hands-on Data Engineers with solid experience in modern data engineering practices, especially around ELT, dbt, Data Vault, and data migration . The consultants will contribute to the design, development, migration, and validation of data pipelines in a structured delivery environment. Key Responsibilities Develop and maintain data transformation pipelines using dbt . Design and implement Data Vault data models. Translate business and technical requirements into reliable…",,2026-09-04,https://www.adzuna.in/land/ad/5870527089?se=ZPBIHnGo8RGlI_dq_IL75Q&utm_medium=api&utm_source=e9841bd4&v=57C3892C1DA1B301994F6FCCBC6741CF32B024BB,Adzuna API,2026-09-04,Bangalore,Karnataka,India,0
5864423042,Salesforce Technical Consultant,Tranzevo,India,Not Specified,Unknown,"Company Description: Tranzevo is a technology consulting and digital transformation company specialising in CRM, Data, and AI-driven solutions for enterprise clients. We focus on delivering high-quality, scalable platforms with a strong emphasis on automation, engineering excellence, and continuous improvement, working closely with our clients in Agile delivery environments. About the role: We’re looking for a Salesforce Technical Consultant with 2–4 years of hands-on Salesforce experience to j…",Agile,2026-09-01,https://www.adzuna.in/land/ad/5864423042?se=ZPBIHnGo8RGlI_dq_IL75Q&utm_medium=api&utm_source=e9841bd4&v=DFFEAC30B932F416282EDE2A6E29208A92B18E7D,Adzuna API,2026-09-04,Remote / Nationwide,Pan-India,India,1
5864424833,Senior Data Engineer,Acclime,"Ahmedabad, Gujarat",Not Specified,Unknown,"Key Responsibilities Architect, maintain, and optimize scalable data pipelines, leveraging Azure Data Services, Azure DevOps, and select AWS components. Build and maintain pipelines in Azure Data Factory and/or Azure Synapse Analytics Pipelines. Monitor pipeline health and costs using Azure Monitor, Log Analytics, and custom dashboards. Assemble and manage large, complex datasets that meet functional and non-functional business requirements. Implement and maintain data quality frameworks using …",Requirements Gathering,2026-09-01,https://www.adzuna.in/land/ad/5864424833?se=ZPBIHnGo8RGlI_dq_IL75Q&utm_medium=api&utm_source=e9841bd4&v=A87CE857374FFE8579B824B7C2F13300EE0C43AA,Adzuna API,2026-09-04,Ahmedabad,Gujarat,India,1
5812352805,Technical Executive Assistant,The Chopras,"Delhi, India",Not Specified,Unknown,"Role Overview The Technical Assistant to the Chairman will work closely with the Chairman and technical teams to support technology project coordination, documentation, follow-up, status reporting, meeting intelligence, task tracking and AI-assisted productivity. This is not a pure secretarial role and not a developer role. It is a hybrid role combining: ● Technical understanding ● Project coordination ● Executive assistance ● Structured documentation ● Follow-up discipline ● AI tool usage ● Ma…",Documentation,2026-07-23,https://www.adzuna.in/land/ad/5812352805?se=ZPBIHnGo8RGlI_dq_IL75Q&utm_medium=api&utm_source=e9841bd4&v=4A37AD7DACBC53EF2CFFBB1218BF3CD5C05E955A,Adzuna API,2026-09-04,Delhi,India,India,1
5864438314,Automation Engineer,QualityKiosk Technologies,"Mumbai, Maharashtra",Not Specified,Unknown,"Job Summary We are seeking a highly skilled and motivated Automation Engineer with expertise in Java, Selenium, Appium, Playwright, API Testing, and Test Automation Framework Development . The ideal candidate will be responsible for designing, developing, and maintaining automated test solutions for web, mobile, and API applications, ensuring high-quality software delivery in an Agile environment. Key Responsibilities Design, develop, and execute automated test scripts for web, mobile, and API …",Agile,2026-09-01,https://www.adzuna.in/land/ad/5864438314?se=ZPBIHnGo8RGlI_dq_IL75Q&utm_medium=api&utm_source=e9841bd4&v=8B10C6861A7DC0276B128B892B24DAE2C7202D67,Adzuna API,2026-09-04,Mumbai,Maharashtra,India,1
5864433025,Data engineer with Scala  spark  SQL,HMG AMERICA LLC,"Bangalore Rural, Karnataka",full_time,Unknown,"Job Title: Data Engineer Scala Spark SQL Experience: 3–10 Years Employment Type: Full-Time Location: Bangalore Job Summary Notice Period: Immediate Joiners or candidates serving a short notice period will be preferred. We are looking for an experienced Data Engineer with strong expertise in Scala, Apache Spark, SQL, and GCP (or any cloud platform) to build and scale enterprise-grade data platforms and pipelines. Key Responsibilities Design, develop, and maintain scalable, fault-tolerant data …",SQL,2026-09-01,https://www.adzuna.in/land/ad/5864433025?se=ZPBIHnGo8RGlI_dq_IL75Q&utm_medium=api&utm_source=e9841bd4&v=6ADC377E2E1933AFD1F822F1C6A1B6E3640B7CD6,Adzuna API,2026-09-04,Bangalore Rural,Karnataka,India,1
5867222059,GCP Data Engineer-Face to Face Discussion on 22-Aug(Saturday) in Bangalore,HCLTech,India,Not Specified,Unknown,"Hi, We are conducting Face to Face discussion on 22-Aug-26(Satuday) in Bangalore. Interested candidates please share your resume on deepawaliprab.maski@hcltech.com or directly walk-in to the venue and please mention the recruiter name as Deepawali. Experience: Looking for 3 Yrs Mandatory Skill Required: GCP Data Engineer with Bigquery, Dataflow, Dataproc PFB Venue details for interview Venue Details. Bangalore - HCL Technologies Ltd. Special Economic Zone (SEZ), (yet to confirm tower) No. 129, …",,2026-09-02,https://www.adzuna.in/land/ad/5867222059?se=ZPBIHnGo8RGlI_dq_IL75Q&utm_medium=api&utm_source=e9841bd4&v=698D3B1ECB110ED06F7B13FE8E25CA4FF43BD3CE,Adzuna API,2026-09-04,Remote / Nationwide,Pan-India,India,0
5837139699,"IT&D Principle BA, Finance",Reckitt,"Hyderabad, Telangana",full_time,Unknown,"This job is with Reckitt, an inclusive employer and a member of myGwork – the largest global platform for the LGBTQ business community. Please do not contact the recruiter directly. We are Reckitt Home to the world's best loved and trusted hygiene, health, and nutrition brands. Our purpose defines why we exist: to protect, heal and nurture in the relentless pursuit of a cleaner, healthier world. We are a global team united by this purpose.Join us in our fight to make access to the highest quali…",,2026-08-12,https://www.adzuna.in/land/ad/5837139699?se=ZPBIHnGo8RGlI_dq_IL75Q&utm_medium=api&utm_source=e9841bd4&v=6DB82CA218734368893173C486FF9F3CCFB15CF6,Adzuna API,2026-09-04,Hyderabad,Telangana,India,0
5864438723,SAP PLM ANALYST,GyanSys Inc.,"Bangalore, Karnataka",Not Specified,Unknown,"The PLM Business Analyst is responsible for the governance, quality, structure, and lifecycle management of product master data across engineering, manufacturing, supply chain, and ERP systems. This role serves as the bridge between business stakeholders and technology teams to ensure accurate, consistent, and compliant product information throughout the product lifecycle. The analyst will drive data governance initiatives, establish master data standards, support system integrations, and ident…",Stakeholder Management,2026-09-01,https://www.adzuna.in/land/ad/5864438723?se=ZPBIHnGo8RGlI_dq_IL75Q&utm_medium=api&utm_source=e9841bd4&v=AB251349159EE03F900300CDE0C7FB16621E39F9,Adzuna API,2026-09-04,Bangalore,Karnataka,India,1
5864441264,GCP Data Engineer: Face to Face Discussion on 22-Aug(Saturday) in Chennai,HCLTech,"Chennai, Tamil Nadu",Not Specified,Unknown,"Hi, We are conducting Face to Face discussion on 22-Aug-26(Satuday) in Chennai. Interested candidates please share your resume on deepawaliprab.maski@hcltech.com or directly walk-in to the venue and please mention the recruiter name as Deepawali. Experience: Looking for 3 Yrs Mandatory Skill Required: GCP Data Engineer with Bigquery, Dataflow, Dataproc PFB Venue details for interview 22nd Aug (F2F) -9.30 AM to 11.00 AM Venue Details. Chennai - HCLTech ETA Techno Park - ETA 1 Rajiv Gandhi Salai …",,2026-09-01,https://www.adzuna.in/land/ad/5864441264?se=ZPBIHnGo8RGlI_dq_IL75Q&utm_medium=api&utm_source=e9841bd4&v=B456323518998F835DB81901C60D6BB015FE444B,Adzuna API,2026-09-04,Chennai,Tamil Nadu,India,0
5864424528,User Interface Designer,QBurst,"Kerala, India",Not Specified,Unknown,"Job Summary We are seeking a highly creative and detail-oriented UI/UX Designer with 1–6 years of experience to design modern, intuitive, and visually engaging web and mobile experiences. The ideal candidate combines strong visual design and UX expertise with an AI-enabled workflow, scalable design-system thinking, and effective cross-functional collaboration. Job Description Responsibilities Design responsive, pixel-perfect interfaces for web and mobile applications Translate user needs and bu…",Process Mapping,2026-09-01,https://www.adzuna.in/land/ad/5864424528?se=sMcPIHGo8RGogquEo3zAlQ&utm_medium=api&utm_source=e9841bd4&v=9E622B49A4B1D4C40E3B3B3AAAFB31C3FEE3B26D,Adzuna API,2026-09-04,Kerala,India,India,1
5867263614,Program Manager/ ODC Manager - Semiconductor Equipment,Quest Global,India,Not Specified,Unknown,"Key Responsibilities- Establish and scale an Offshore Development Center (ODC) from the ground up. Define ODC governance, delivery processes, KPIs, resource planning, and operational excellence. Build and mentor cross-functional teams including Software Architects, Technical Leads, Developers, QA, DevOps, and Business Analysts. Drive end-to-end program execution, ensuring delivery on scope, schedule, quality, and budget. Act as the primary customer interface, managing stakeholder communication …",,2026-09-02,https://www.adzuna.in/land/ad/5867263614?se=sMcPIHGo8RGogquEo3zAlQ&utm_medium=api&utm_source=e9841bd4&v=08723C867A3A10D63AADC0683CE8C70CACD11348,Adzuna API,2026-09-04,Remote / Nationwide,Pan-India,India,0
5864438732,[O8KK1RMH] Informatica MDM Specialist,ZettaMine Labs Pvt. Ltd.,"Chennai, Tamil Nadu",Not Specified,Unknown,"Hello All, Greetings from ZettaMine Job Title: Informatica IDMC MDM Implementation Location: Hyderabad, Chennai Experience: 6 - 10 Years Notice Period: Immediate Joiners Working Mode: Hybrid – 3 days from office Shift: 2 PM to 10 PM Role Overview We are seeking experienced Informatica IDMC MDM Engineers to lead the design, development, and support of enterprise‑scale MDM solutions. The ideal candidate will have strong hands‑on expertise in IDMC MDM, CDI, CAI, REF360, and SaaS MDM , with proven …",,2026-09-01,https://www.adzuna.in/land/ad/5864438732?se=sMcPIHGo8RGogquEo3zAlQ&utm_medium=api&utm_source=e9841bd4&v=0AD7EF4E80A7056FB5F42CD7F969539D2403F6B4,Adzuna API,2026-09-04,Chennai,Tamil Nadu,India,0
5864439387,Data Engineer,The HEINEKEN Company,"Hyderabad, Telangana",Not Specified,Unknown,"Your Role: You will be a part of the data engineering team and working on in-house products in for Data Foundation Collaborating closely with Data Engineering Leads and managers and other DataOps teams. This role involves hands-on development work and will directly report to Data Engineering Lead. Must have skills: Azure Databricks, Unity Catalog, Delta live tables Data Modelling & Architecture ETL pipeline design Expert in Python, Pyspark and SQL Azure Data Factory Azure DevOps Logging and Mon…",SQL; Python,2026-09-01,https://www.adzuna.in/land/ad/5864439387?se=sMcPIHGo8RGogquEo3zAlQ&utm_medium=api&utm_source=e9841bd4&v=BE39AD1181CCF6D5F6C2B89D775BB6971449EBF5,Adzuna API,2026-09-04,Hyderabad,Telangana,India,2
5864439025,Senior SAP Consultant,Wissen Infotech,"Bangalore, Karnataka",Not Specified,Unknown,"Around 3-10 years of SAP experience as functional consultant on complex and multiple projects (Core template design / build / validation, roll-out and support) in the area of SAP S/4 – EWM with hands-on experience on the following areas at least 2-3 years of experience working with SAP EWM Subject matter expert with supply chain processes for warehousing, distribution and transportation Completion of 1 full lifecycle SAP implementations of EWM in a warehouse environment Completion of 2 full lif…",,2026-09-01,https://www.adzuna.in/land/ad/5864439025?se=sMcPIHGo8RGogquEo3zAlQ&utm_medium=api&utm_source=e9841bd4&v=D0D3826E1AC148187B6E472CC1FEECD63F9C4C0E,Adzuna API,2026-09-04,Bangalore,Karnataka,India,0
5857251209,Hybrid Project Manager (Liquidity/ Treasury),Capco,India,full_time,Unknown,"This job is with Capco, an inclusive employer and a member of myGwork – the largest global platform for the LGBTQ business community. Please do not contact the recruiter directly. Job Title: Hybrid Collateral Project Manager About Us “Capco, a Wipro company, is a global technology and management consulting firm. Awarded with Consultancy of the year in the British Bank Award and has been ranked Top 100 Best Companies for Women in India 2022 by Avtar & Seramount . With our presence across 32 citi…",,2026-08-27,https://www.adzuna.in/land/ad/5857251209?se=sMcPIHGo8RGogquEo3zAlQ&utm_medium=api&utm_source=e9841bd4&v=EA0E1E14186E433AA81B7B53FF45550B60CDB650,Adzuna API,2026-09-04,Remote / Nationwide,Pan-India,India,0
5846723625,VP - Treasury Operations,Deutsche Bank,"Bangalore, Karnataka",full_time,Unknown,"This job is with Deutsche Bank, an inclusive employer and a member of myGwork – the largest global platform for the LGBTQ business community. Please do not contact the recruiter directly. Position Overview Role Description Treasury is responsible for the sourcing, management and optimization of liquidity and capital to deliver high value risk management decisions. This is underpinned by a best-in-class integrated and consistent Treasury risk framework, which enables Treasury to clearly identify…",,2026-08-18,https://www.adzuna.in/land/ad/5846723625?se=sMcPIHGo8RGogquEo3zAlQ&utm_medium=api&utm_source=e9841bd4&v=726FD22E55A7CE00ADC4D2259A3C92D4C0916008,Adzuna API,2026-09-04,Bangalore,Karnataka,India,0
5867263537,Senior Automation Engineer(C#),Woolworths Group International,India,Not Specified,Unknown,"Senior Quality Engineer Driving quality excellence through precision, innovation, and continuous improvement. Opportunity to be one of our first team members in Woolworths Group India in Bangalore Woolworths Group India is partnering exclusively with Zinnov Group to recruit for this position. About the role As a Senior Quality Engineer, you’ll be responsible for delivering robust, reliable, and high-performing software solutions that meet the needs of our customers and align with Woolworths’ bu…",,2026-09-02,https://www.adzuna.in/land/ad/5867263537?se=sMcPIHGo8RGogquEo3zAlQ&utm_medium=api&utm_source=e9841bd4&v=64AA713053D355A7AB4B595147793CDC2869C723,Adzuna API,2026-09-04,Remote / Nationwide,Pan-India,India,0
5864438377,Data Engineer,Accendra Health,India,Not Specified,Unknown,"Accendra Health (formerly Owens & Minor, Inc.) is a leading nationwide provider of critical products, technology, and services that support health beyond the hospital for millions of Americans each year. Backed by the industry-leading expertise of our Apria and Byram Healthcare brands, Accendra Health is reimagining the future of home-based care with one of the broadest portfolios of essentials for diabetes, sleep health, wound care, respiratory care, urology, and ostomy. At Accendra Health, we…",,2026-09-01,https://www.adzuna.in/land/ad/5864438377?se=sMcPIHGo8RGogquEo3zAlQ&utm_medium=api&utm_source=e9841bd4&v=4D7E332801990FC697648EE41A6D4E1339B166EE,Adzuna API,2026-09-04,Remote / Nationwide,Pan-India,India,0
5864427807,Azure SQL Developer,Luxoft,India,Not Specified,Unknown,"Project Description: As a Senior Database Engineer in the Global Loans domain, you will drive the design and delivery of the LoanIQ database implementation. You will lead the technical implementation, mentor other developers and leverage modern AI-assisted development tools and cloud-native patterns to enhance productivity, code quality, scalability, and delivery speed. You will also lead the design and delivery of our in-house database development supporting integration with upstream and downs…",,2026-09-01,https://www.adzuna.in/land/ad/5864427807?se=sMcPIHGo8RGogquEo3zAlQ&utm_medium=api&utm_source=e9841bd4&v=41015D38286A142257DA3DA08EC6B3EAA6D3F9A1,Adzuna API,2026-09-04,Remote / Nationwide,Pan-India,India,0
5837139835,Product Manager,Capco,"Chennai, Tamil Nadu",full_time,Unknown,"This job is with Capco, an inclusive employer and a member of myGwork – the largest global platform for the LGBTQ business community. Please do not contact the recruiter directly. Job Title: Product Manager About Us “Capco, a Wipro company, is a global technology and management consulting firm. Awarded with Consultancy of the year in the British Bank Award and has been ranked Top 100 Best Companies for Women in India 2022 by Avtar & Seramount . With our presence across 32 cities across globe, w…",,2026-08-12,https://www.adzuna.in/land/ad/5837139835?se=sMcPIHGo8RGogquEo3zAlQ&utm_medium=api&utm_source=e9841bd4&v=344B7BC410C65BE41266B4765A78E112DC362BD8,Adzuna API,2026-09-04,Chennai,Tamil Nadu,India,0
5865064492,Product Owner,Capco,India,full_time,Unknown,"This job is with Capco, an inclusive employer and a member of myGwork – the largest global platform for the LGBTQ business community. Please do not contact the recruiter directly. Job Title: Product Owner Location : Bangalore, Hyd & Chennai About Us “Capco, a Wipro company, is a global technology and management consulting firm. Awarded with Consultancy of the year in the British Bank Award and has been ranked Top 100 Best Companies for Women in India 2022 by Avtar & Seramount . With our presenc…",,2026-09-01,https://www.adzuna.in/land/ad/5865064492?se=sMcPIHGo8RGogquEo3zAlQ&utm_medium=api&utm_source=e9841bd4&v=1A575A0EA334C4C54026C1EDB24C6DCD278A3160,Adzuna API,2026-09-04,Remote / Nationwide,Pan-India,India,0
5864421944,SERVICEMAX ADMINISTRATOR,Vaisesika,"Bangalore, Karnataka",full_time,Unknown,"ServiceMax Administrator Location: Remote Experience: 2–4 Years Employment Type: Full-Time Position Summary We are looking for a ServiceMax Administrator to manage the day-to-day administration, configuration, and production support of the organization's ServiceMax platform. The role will work closely with IT Business Analysts, developers, and application leads to implement approved enhancements, resolve production issues, and ensure the platform remains secure, stable, and aligned with busines…",,2026-09-01,https://www.adzuna.in/land/ad/5864421944?se=sMcPIHGo8RGogquEo3zAlQ&utm_medium=api&utm_source=e9841bd4&v=16CDC21DB2DEE0607B1BC3367EF8CF3BB3AC113D,Adzuna API,2026-09-04,Bangalore,Karnataka,India,0
5864438084,US IT cum Engineering Recruiter,CTC,"Chennai, Tamil Nadu",Not Specified,Unknown,"Job Title: US IT cum Engineering Recruiter (Direct Client & W2 Staffing) Job Summary Results-oriented US Recruiter with experience supporting direct client requirements across IT and Non-IT domains. Expertise in full-cycle recruitment, talent sourcing, candidate screening, interview coordination, offer management, and onboarding. Strong experience in W2 hiring and building candidate pipelines for both technical and business-focused roles across the United States. Key Responsibilities IT Recruit…",,2026-09-01,https://www.adzuna.in/land/ad/5864438084?se=sMcPIHGo8RGogquEo3zAlQ&utm_medium=api&utm_source=e9841bd4&v=C561F4994B6BB7B44962228E0F9CFEEB308404B3,Adzuna API,2026-09-04,Chennai,Tamil Nadu,India,0
5837139722,Senior BA (Securities Settlements) – Mumbai/Bangalore,Capco,"Mumbai, Maharashtra",full_time,Unknown,"This job is with Capco, an inclusive employer and a member of myGwork – the largest global platform for the LGBTQ business community. Please do not contact the recruiter directly. Job Title: FX Settlements About Us “Capco, a Wipro company, is a global technology and management consulting firm. Awarded with Consultancy of the year in the British Bank Award and has been ranked Top 100 Best Companies for Women in India 2022 by Avtar & Seramount . With our presence across 32 cities across globe, we…",,2026-08-12,https://www.adzuna.in/land/ad/5837139722?se=sMcPIHGo8RGogquEo3zAlQ&utm_medium=api&utm_source=e9841bd4&v=85BD84E3965156751DAE02FFF2D0388CC9E30978,Adzuna API,2026-09-04,Mumbai,Maharashtra,India,0
5864426453,Java Backend Developer,Kumaran Systems,"Chennai, Tamil Nadu",Not Specified,Unknown,"Job Title: Java Backend Developer Role Overview : We are seeking an experienced Java Backend Developer with 5 years of hands-on experience in designing, developing, and maintaining scalable backend systems. The ideal candidate will have strong expertise in Java, Spring Boot, Microservices Architecture, and database technologies. This role involves developing high-performance enterprise applications, building secure APIs, and collaborating with cross-functional teams to deliver robust business s…",,2026-09-01,https://www.adzuna.in/land/ad/5864426453?se=sMcPIHGo8RGogquEo3zAlQ&utm_medium=api&utm_source=e9841bd4&v=282D6C85613B5850C7330583131C476555BAD05B,Adzuna API,2026-09-04,Chennai,Tamil Nadu,India,0
5850983243,Project Manager,Persistent Systems,India,full_time,Unknown,"About Position: We are looking for a Project Manager to own end-to-end delivery of Salesforce programs/projects, drive governance and execution discipline, manage stakeholder communication, and ensure successful delivery across scope, schedule, cost, quality, and risk. Role: Project Manager Location: Pune Experience: 8 to 12 Years Job Type: Full-Time Employment What You'll Do: Own end-to-end delivery of one or more Salesforce programs/projects with cross-functional teams. Drive governance, exec…",,2026-08-21,https://www.adzuna.in/land/ad/5850983243?se=sMcPIHGo8RGogquEo3zAlQ&utm_medium=api&utm_source=e9841bd4&v=2C5F87E41C1C1751171011C5B49862172F538138,Adzuna API,2026-09-04,Remote / Nationwide,Pan-India,India,0
5867035976,Lead Data Engineer,Experion Technologies,"Kerala, India",Not Specified,Unknown,"Job Description / Duties and Responsibilities ▪ Design, develop, and maintain scalable ETL/ELT data pipelines using Azure Data Factory and related Azure services. ▪ Develop complex and optimized T-SQL queries, stored procedures, views, functions, and database objects in SQL Server. ▪ Perform SQL Server database development and administration activities, including performance tuning, troubleshooting, and data integrity management. ▪ Build and maintain data integration pipelines connecting multip…",SQL,2026-09-02,https://www.adzuna.in/land/ad/5867035976?se=sMcPIHGo8RGogquEo3zAlQ&utm_medium=api&utm_source=e9841bd4&v=C316848D58DE84F509FA2360431955F0E26D7B2A,Adzuna API,2026-09-04,Kerala,India,India,1
5864438240,Back End Developer,BNP Paribas,"Chennai, Tamil Nadu",Not Specified,Unknown,"Business Overview BNP Paribas is a leading global banking group with a strong diversified and integrated model. We provide a wide range of financial services to individuals, community associations, entrepreneurs, SMEs, corporates, and institutional clients. Our technology teams are at the heart of our digital transformation, building robust, scalable, and secure applications that power international banking operations and enhance client experiences across the globe. Position Purpose We are seek…",,2026-09-01,https://www.adzuna.in/land/ad/5864438240?se=sMcPIHGo8RGogquEo3zAlQ&utm_medium=api&utm_source=e9841bd4&v=A9DD187D023BA5ED57BE84EECFF8347CE7410A33,Adzuna API,2026-09-04,Chennai,Tamil Nadu,India,0
5869558894,Quality Assurance Automation Engineer,Zensar Technologies,India,Not Specified,Unknown,"JD: QA Automation Engineer_ Immediate Joiner Location- Pune & Bangalore Years of Experience -7yrs Required Skills Selenium WebDriver (Java/Python/C#), Playwright, and TypeScript API Testing: RestAssured, Karate, Postman/Newman BDD: Cucumber (Gherkin), Serenity BDD, and PO acceptance criteria alignment Programming Languages: Java (JUnit 5, TestNG), Python (pytest), JavaScript/TypeScript (Jest, Mocha), C#, Groovy (Spock) CI/CD: Jenkins, GitLab CI, GitHub Actions, SonarQube quality gates, Allure/E…",Python,2026-09-04,https://www.adzuna.in/land/ad/5869558894?se=sMcPIHGo8RGogquEo3zAlQ&utm_medium=api&utm_source=e9841bd4&v=2F8453F3085CB7C2709949F1CA6FBA03BEBB9046,Adzuna API,2026-09-04,Remote / Nationwide,Pan-India,India,1
5868794288,Data Engineer,Experion Technologies,India,Not Specified,Unknown,"Job Description / Duties and Responsibilities ▪ Design, develop, and maintain scalable ETL/ELT data pipelines using Azure Data Factory and related Azure services. ▪ Develop complex and optimized T-SQL queries, stored procedures, views, functions, and database objects in SQL Server. ▪ Perform SQL Server database development and administration activities, including performance tuning, troubleshooting, and data integrity management. ▪ Build and maintain data integration pipelines connecting multip…",SQL,2026-09-03,https://www.adzuna.in/land/ad/5868794288?se=sMcPIHGo8RGogquEo3zAlQ&utm_medium=api&utm_source=e9841bd4&v=52077037CAD5394F72FE64002C710A1577B1747D,Adzuna API,2026-09-04,Remote / Nationwide,Pan-India,India,1
5837139392,Sharepoint/ Power Platform BA,Capco,India,full_time,Unknown,"This job is with Capco, an inclusive employer and a member of myGwork – the largest global platform for the LGBTQ business community. Please do not contact the recruiter directly. Job Title: Sharepoint/ Power Platform BA About Us “Capco, a Wipro company, is a global technology and management consulting firm. Awarded with Consultancy of the year in the British Bank Award and has been ranked Top 100 Best Companies for Women in India 2022 by Avtar & Seramount . With our presence across 32 cities a…",,2026-08-12,https://www.adzuna.in/land/ad/5837139392?se=sMcPIHGo8RGogquEo3zAlQ&utm_medium=api&utm_source=e9841bd4&v=E7A722C90F3310AAAF1562B900D281D5AD006A72,Adzuna API,2026-09-04,Remote / Nationwide,Pan-India,India,0
5838614354,"Python,Pyspark Developer",Standard Chartered Bank,"Chennai, Tamil Nadu",full_time,Unknown,"This job is with Standard Chartered Bank, an inclusive employer and a member of myGwork – the largest global platform for the LGBTQ business community. Please do not contact the recruiter directly. Job Summary Skills Required: Primary skills: Python, Pyspark Development, AI Saavy Additional skills: Data Processing, Hands on Coding, understanding Data Engineering Strong interpersonal skills including mentoring, coaching, collaborating, and team building Strong analytical, planning, and organizat…",Python,2026-08-12,https://www.adzuna.in/land/ad/5838614354?se=sMcPIHGo8RGogquEo3zAlQ&utm_medium=api&utm_source=e9841bd4&v=D858A921C019FF4500601B463284BEC6CC089FD8,Adzuna API,2026-09-04,Chennai,Tamil Nadu,India,1
5864429089,AWS Data Engineer,Persistent Systems,India,full_time,Unknown,"About Position: We are seeking an experienced AWS Data Engineer with 8-12 years of experience in designing, developing, and supporting cloud-native data platforms and ETL solutions on AWS. The ideal candidate will be responsible for building scalable data pipelines, implementing event-driven architectures, automating infrastructure, and enabling reliable data integration across enterprise applications. This role requires strong expertise in AWS Glue, AWS Lambda, Step Functions, S3, Terraform, C…",,2026-09-01,https://www.adzuna.in/land/ad/5864429089?se=sMcPIHGo8RGogquEo3zAlQ&utm_medium=api&utm_source=e9841bd4&v=80F4EC574DBB306835F016DFA18F30F48315A7C0,Adzuna API,2026-09-04,Remote / Nationwide,Pan-India,India,0
5838675853,Senior Sales Executive,Egnoto,"Jaipur, Rajasthan",full_time,Unknown,"Job Title: Senior Sales Executive / Business Development Executive – IT Services Location: Jaipur, Rajasthan – On-site Experience: 5 Years (Relevant IT Sales / BDE Experience Mandatory) Employment Type: Full-Time Important ❌ Do not apply if you are looking for a WFH or Hybrid opportunity. ❌ 5 years of relevant experience in IT Sales / Business Development is mandatory. ❌ Candidates without hands-on experience in selling IT services/software solutions will not be considered. About the Role We…",,2026-08-13,https://www.adzuna.in/land/ad/5838675853?se=sMcPIHGo8RGogquEo3zAlQ&utm_medium=api&utm_source=e9841bd4&v=F373162EBD41AC5E781A9A4EA62CBB7E4F878951,Adzuna API,2026-09-04,Jaipur,Rajasthan,India,0
5836227791,Business Analyst,CODEMONK,India,full_time,Unknown,"About Company Codemonk is an AI-first product engineering and technology consulting company. We're building enterprise solutions using Generative AI and Agentic AI to solve real business problems. Our teams work directly with enterprise customers on digital transformation initiatives, AI-powered workflow automation, and intelligent business applications. The role offers exposure to consulting, pre-sales, solution design, and collaboration with engineering teams, making it much more strategic th…",Process Mapping,2026-08-11,https://www.adzuna.in/details/5836227791?utm_medium=api&utm_source=e9841bd4,Adzuna API,2026-09-04,Remote / Nationwide,Pan-India,India,1
5869479497,Business Analyst,VDart Software Services Pvt. Ltd.,"Richmond Town, Bangalore",Not Specified,Unknown,"Business Analyst Bangalore Long Term Contract WFO Required Skills 5 years of Business Analyst experience in IT or technology-focused environments. Experience gathering and documenting business and technical requirements. Experience supporting software delivery and integration projects. Strong analytical, problem solving, and communication skills. Experience working with technical teams and understanding technical concepts. Ability to manage multiple projects and priorities simultaneously. Stron…",Communication,2026-09-03,https://www.adzuna.in/details/5869479497?utm_medium=api&utm_source=e9841bd4,Adzuna API,2026-09-04,Richmond Town,Bangalore,India,1
5865169906,Business Analyst,Trigent Software Private Limited,India,Not Specified,Unknown,"'-Analyse business needs, processes and pain points to support effective solution design and delivery. -Work with stakeholders to clarify requirements, assumptions, dependencies and constraints. -Support process mapping, gap analysis and impact assessments. -Prepare clear documentation, presentations, meeting notes and decision materials. -Ensure documentation is maintained and aligned with project or organisational standards. -Collaborate with project managers, business analysts, SMEs to ensur…",Stakeholder Management; Business Process Analysis; Process Mapping; Documentation,2026-09-01,https://www.adzuna.in/details/5865169906?utm_medium=api&utm_source=e9841bd4,Adzuna API,2026-09-04,Remote / Nationwide,Pan-India,India,4
5836477057,Business Analyst,Delta Exchange,India,full_time,Unknown,"We are seeking a dynamic and detail-oriented Business Analyst to join our team. The ideal candidate will have 2–5 years of experience and a strong analytical mindset to solve complex business problems. Proficiency in SQL, Tableau, R, and Python (advanced preferred), along with an ability to derive actionable insights, is essential for this role. Key Responsibilities ● Data Analysis and Insights: Analyze complex datasets to provide actionable insights for business growth and operational efficien…",SQL; Python; R; Data Analysis; Tableau,2026-08-11,https://www.adzuna.in/details/5836477057?utm_medium=api&utm_source=e9841bd4,Adzuna API,2026-09-04,Remote / Nationwide,Pan-India,India,5
5847641034,Business Analyst,Masai,"Bangalore, Karnataka",full_time,Unknown,"About Masai Masai is a career-focused education company committed to helping learners build industry-relevant skills and access better career opportunities. We operate in a fast-paced, data-driven environment where business decisions are closely connected to learner outcomes, sales performance, operations, and organizational growth. We are looking for a Business Analyst who can turn data into actionable insights and support data-driven business decisions. The ideal candidate should have strong …",,2026-08-19,https://www.adzuna.in/details/5847641034?utm_medium=api&utm_source=e9841bd4,Adzuna API,2026-09-04,Bangalore,Karnataka,India,0
5758364393,Business Analyst,Infotel UK,India,Not Specified,Unknown,"The PCM Business Analyst is expected to have experience in some of the following functional areas: · Payments engine and clearing ( At least one) : o Payment engines o SWIFT (MT/MX Messages), ISO 20022 o Regulatory Clearing & Settlement applications o Instant Payments · Compliance Frameworks: Anti‑Money‑Laundering (AML), Sanctions Screening ( Optional) · Core banking applications ( Optional) · Treasury management ( Optional) The role involves collaborating with various stakeholders mainly busin…",Stakeholder Management,2026-06-10,https://www.adzuna.in/details/5758364393?utm_medium=api&utm_source=e9841bd4,Adzuna API,2026-09-04,Remote / Nationwide,Pan-India,India,1
4725867393,Business Analyst,"Opalforce, Inc.","Bangalore, Karnataka",full_time,Unknown,"About the Job: Opalforce is hiring Mechanical Design Engineers Key Responsibilities: Create requirements and specifications for business solutions Conduct business analysis and research to identify opportunities for improvement Consult with key stakeholders to determine business objectives and success factors Collaborate with team members to collect, analyze, and evaluate information from multiple sources including Present findings and recommendations to stakeholders Write and document business…",Stakeholder Management,2024-06-07,https://www.adzuna.in/details/4725867393?utm_medium=api&utm_source=e9841bd4,Adzuna API,2026-09-04,Bangalore,Karnataka,India,1
5849257585,Business Analyst,Arena Investors I Quaestor Advisors,India,full_time,Unknown,"Quaestor is looking to expand the Technology Team through the addition of Data Integrity associate. In this role, the individual will reconcile and ensure the accuracy of the data used by Quaestor’s teams. KEY RESPONSIBILITIES Work closely with the Operations Team and IT Team to monitor data within the Arena Data Warehouse and Trading/Risk/Loan/Treasury vendor software. Reconcile data for our Trading, Risk, and Accounting Systems. Create additional data reconciliations as required. Work with in…",,2026-08-20,https://www.adzuna.in/details/5849257585?utm_medium=api&utm_source=e9841bd4,Adzuna API,2026-09-04,Remote / Nationwide,Pan-India,India,0
5867129551,Business Analyst,Rapyuta Robotics,India,full_time,Unknown,"Rapyuta Robotics is a ETH Zurich spin-off headquartered in Tokyo operates with a vision to become the global leader in making robots more accessible for anyone in the logistics market. We lead the pick-assist AMR market in Japan and are backed by Goldman Sachs, Sony and Yaskawa as investors. We are opening a global hub in Chennai, an independent center to enable our global expansion. You will be part of our global business analytics team, with an initial focus on the Rapyuta AMR & ASRS product.…",,2026-09-02,https://www.adzuna.in/details/5867129551?utm_medium=api&utm_source=e9841bd4,Adzuna API,2026-09-04,Remote / Nationwide,Pan-India,India,0
5869479521,Business Analyst,Trigent Software Private Limited,"Egmore Nungambakkam, Chennai",Not Specified,Unknown,Job Description: JD Data Conversion from Invoice to standard system readable format applying specified rules. Typing Skill and Excel knowledge mandatory. Shift timings Night Shift (5:00 to 2:30) WFO / WFH Hybrid Location Chennai Qualification Any Graduate,Excel,2026-09-03,https://www.adzuna.in/details/5869479521?utm_medium=api&utm_source=e9841bd4,Adzuna API,2026-09-04,Egmore Nungambakkam,Chennai,India,1
5850376076,Business Analyst/ Senior Business Analyst,Egon Zehnder,"Gurgaon, Haryana",Not Specified,Unknown,"The Position Senior Business Analyst - Technology Practice Group The Expert will leverage their deep domain knowledge and external network to drive C-level/senior candidate recommendations and/or mid-level candidate development. The Expert is expected to function autonomously as required. However, the Segment and Practice experts and consultants work collectively as a team for candidate idea generation, references and client assignment work. This role will be visible to clients and will be expe…",,2026-08-21,https://www.adzuna.in/details/5850376076?utm_medium=api&utm_source=e9841bd4,Adzuna API,2026-09-04,Gurgaon,Haryana,India,0
5864426053,Oracle Subscription Management,Jade Global,India,Not Specified,Unknown,"Job Description Job Description Role: Oracle Cloud ERP Finance Functional Consultant (Order Sales Cloud ""CX"", Oracle Subscription Management )Modules: Oracle Subscription Management (OSS), AR, RMCS (Good To Have) Overall experience of 8 to 11 years in Oracle Cloud ERP Functional O2C (Order to Cash) Consultant.with Strong Subscription Mgmt.(OSS), Experienced in Oracle subscription to AR Flow In this role, you will be responsible for managing and supporting (Production Support and Enhancement) Cl…",,2026-09-01,https://www.adzuna.in/land/ad/5864426053?se=sMcPIHGo8RGogquEo3zAlQ&utm_medium=api&utm_source=e9841bd4&v=1969AA1AEBFF4471BEF6B34EF65825E29B137032,Adzuna API,2026-09-04,Remote / Nationwide,Pan-India,India,0
5860532858,Business Analyst,Binary Semantics Limited,"Gurgaon, Haryana",Not Specified,Unknown,"Job Responsibilities: 1.Requirement Gathering:- Business analysts identify and document the needs and objectives of a project or business initiative by collaborating with stakeholders, such as clients, users, and management. Involvement in RFP/ RFQ and BRD etc. as Business Analyst 2.Data Analysis:- They analyze data, both quantitative and qualitative, to identify trends, patterns, and insights that can inform decision-making and support business objectives. 3.Process Analysis:- Business analyst…",Data Analysis; Requirements Gathering; Stakeholder Management; Business Process Analysis,2026-08-29,https://www.adzuna.in/details/5860532858?utm_medium=api&utm_source=e9841bd4,Adzuna API,2026-09-04,Gurgaon,Haryana,India,4
1509166858,Business Analyst,Lincode Labs India Pvt Ltd,"Bangalore, Karnataka",full_time,Unknown,"Job Description: Business Analyst (Job Code: BNSAN1) No of Positions: 2 Purpose of Position: Requirements management is one of the core skills of business analysts. Developing technical solutions to business problems, or to advance a company’s sales efforts, begins with defining, analyzing and documenting requirements. Managing requirements at the project level can help fulfill business needs. Skilled business analysts also use requirements to drive the design or review of test cases, process c…",,2020-03-31,https://www.adzuna.in/details/1509166858?utm_medium=api&utm_source=e9841bd4,Adzuna API,2026-09-04,Bangalore,Karnataka,India,0
5846909378,Business Analyst,NewVison,India,full_time,Unknown,"Job Title: Business analyst Role/Job Summary: In this rapidly evolving world, New Vision is always looking for new ways to disrupt the status quo, go to market faster, and optimize customer experiences. We are seeking an experienced business analyst to lead the charge on this mission. The ideal candidate will have big ideas and strategies that foster an environment of collaboration and creativity. This role is ideal for someone with an entrepreneurial mindset and real-world experience distillin…",,2026-08-18,https://www.adzuna.in/details/5846909378?utm_medium=api&utm_source=e9841bd4,Adzuna API,2026-09-04,Remote / Nationwide,Pan-India,India,0
5040689008,Business Analyst,ProPMO Services Private Limited,"Bangalore, Karnataka",full_time,Unknown,"Hiring: Business Analyst – General / Motor Insurance Domain Location: Bangalore, Walton Road Experience: 4-5 years in the General Insurance Industry (Motor Insurance vertical) We are looking for a Business Analyst with expertise in Motor Insurance to join our team. If you have a strong understanding of the insurance sector and analytical skills, we’d love to connect! Skills:- Business Analysis, General Insurance and Business Analyst",,2025-02-07,https://www.adzuna.in/details/5040689008?utm_medium=api&utm_source=e9841bd4,Adzuna API,2026-09-04,Bangalore,Karnataka,India,0
4801532684,Business Analyst,xyz,"Tamil Nadu, India",full_time,Unknown,"A Business Analyst job description typically includes: Creating a detailed business analysis, outlining problems, opportunities and solutions for a business Budgeting and forecasting Planning and monitoring Financial modelling Variance Analysis Pricing Reporting Defining business requirements and reporting them back to stakeholders In addition to performing financial and operational modelling, a Business Analyst is expected to develop new models that underpin sound business decisions. A Busines…",Requirements Gathering; Stakeholder Management,2024-07-31,https://www.adzuna.in/details/4801532684?utm_medium=api&utm_source=e9841bd4,Adzuna API,2026-09-04,Tamil Nadu,India,India,2
5337950212,Business Analyst,Wissen Technology,"Hyderabad, Telangana",full_time,Unknown,"· 5 years of experience as a Product Specialist, Business Analyst, or any other occupation/title providing experience with business process and data analysis · Proven experience with and understanding of relational databases, and ability to construct basic to intermediate query logic · 2 years of experience in asset management and/or fintech domain in R&D or product capacity Skills:- Business Analyst, Asset management, SQL and Data Analysis",SQL; R; Data Analysis; Business Process Analysis,2025-08-05,https://www.adzuna.in/details/5337950212?utm_medium=api&utm_source=e9841bd4,Adzuna API,2026-09-04,Hyderabad,Telangana,India,4
4686706417,Business Analyst,Not Specified,"Noida, Ghaziabad",Not Specified,Unknown,"We are hiring a Business Analyst to join our project team. You will work alongside other business analysts and report directly to the project manager. Your main tasks will include performing detailed requirements analysis, documenting processes, and performing some user acceptance testing. To succeed in this role you should have a natural analytical way of thinking and be able to explain difficult concepts to non-technical users.",,2024-05-10,https://www.adzuna.in/details/4686706417?utm_medium=api&utm_source=e9841bd4,Adzuna API,2026-09-04,Noida,Ghaziabad,India,0
5781956187,Business Analyst,Sole Point,"Gujarat, India",Not Specified,Unknown,"Business Analyst We are seeking a motivated and analytical Business Analyst to join our dynamic team. The ideal candidate will be responsible for understanding business needs, analyzing data, and providing insights to drive strategic decisions and improve processes. Responsibilities: Gather and document business requirements from stakeholders. Analyze business processes and identify areas for improvement. Develop and maintain data models and reports. Translate business requirements into technic…",Requirements Gathering; Stakeholder Management,2026-06-30,https://www.adzuna.in/details/5781956187?utm_medium=api&utm_source=e9841bd4,Adzuna API,2026-09-04,Gujarat,India,India,2
3166190744,Business Analyst,PopcornApps,"Hyderabad, Telangana",full_time,Unknown,Business Analyst Business Analyst at PopcornApps is focused on customer business process understanding for the enterprise software solutions developed at PopcornApps. This role serves as a facilitator for all areas related to Business Process understanding and its communication through written and verbal medium. Business Analyst ensures communication of project requirements to the technical development team. Candidate Profile: 3 Years Experience. The candidate can be a project lead or an indivi…,Business Process Analysis,2022-05-25,https://www.adzuna.in/details/3166190744?utm_medium=api&utm_source=e9841bd4,Adzuna API,2026-09-04,Hyderabad,Telangana,India,1
5794934960,Business Analyst,Qualitykiosk Technologies Private Limited,"Mumbai, Maharashtra",Not Specified,Unknown,"Should be able to design the test cases. Should be able to act as bridge between client and requirement. Business Analyst Treasury Domain Knowledge - Should have some experience in Domain Strong in Customer Management Skills Ability to Follow up and Multi task Should be able to work as individual Contributor Multiple Stakeholder Coordination in Client Business,Developers and Technical Teams Work on Test Design Scenarios Test cases, Test Data , execution , Defect Reporting Good Communication ski…",,2026-07-10,https://www.adzuna.in/details/5794934960?utm_medium=api&utm_source=e9841bd4,Adzuna API,2026-09-04,Mumbai,Maharashtra,India,0
1788701062,Business Analyst,Presidency University,"Bangalore, Karnataka",full_time,Unknown,"Job Description We are hiring a Business Analyst to join our project team. You will work alongside other business analysts and report directly to the project manager. Your main tasks will include performing detailed requirements analysis, documenting processes, and performing some user acceptance testing. To succeed in this role, you should have a natural analytical way of thinking and be able to explain difficult concepts to non-technical users. Business Analyst Responsibilities: Evaluating bu…",,2020-10-29,https://www.adzuna.in/details/1788701062?utm_medium=api&utm_source=e9841bd4,Adzuna API,2026-09-04,Bangalore,Karnataka,India,0
5830599367,Business Analyst,In Touch,"Hyderabad, Telangana",Not Specified,Unknown,"About the Job We are changing the way people think about customer care, and we need your help! We’re looking for a Business Analyst to assist with Performing User Acceptance Testing (UAT) and the operationalization of business, process and/or system changes across training curriculums, training delivery, quality assurance and reporting. As Business Analyst, You Will… Collect and validate data requirements for business intelligence systems Support reporting from multiple applications Create, val…",,2026-08-06,https://www.adzuna.in/details/5830599367?utm_medium=api&utm_source=e9841bd4,Adzuna API,2026-09-04,Hyderabad,Telangana,India,0
5859120974,Business Analyst,CIMET,"Jaipur, Rajasthan",Not Specified,Unknown,"As a Business Analyst at CIMET, you will play a critical role in supporting our initiatives by gathering, defining, and designing business requirements that align with the companys goals. Youll collaborate closely with cross-functional teams to ensure the eFective implementation of business solutions and contribute to the overall eFiciency and success of CIMETs projects. Key Responsibilities: Requirements Gathering: Engage with stakeholders to identify, document, and prioritize business require…",Requirements Gathering; Stakeholder Management,2026-08-28,https://www.adzuna.in/details/5859120974?utm_medium=api&utm_source=e9841bd4,Adzuna API,2026-09-04,Jaipur,Rajasthan,India,2
3900854302,Business Analyst,Ebizz Infotech,"Surat, Gujarat",full_time,Unknown,"We are hiring a business analyst to join our project team. You will work alongside project stakeholders and report directly to Sr. Business analysts. The purpose of the role is to liaison and bridge the gap between the BDM team and technical team to comprehend and analyze customer requirements and translate them to the development teams thereby, ensuring the right requirement detail in the documentation. To succeed in this role, you should have a natural analytical way of thinking and be able t…",Stakeholder Management; Documentation,2023-02-04,https://www.adzuna.in/details/3900854302?utm_medium=api&utm_source=e9841bd4,Adzuna API,2026-09-04,Surat,Gujarat,India,2
3710148607,Business Analyst,Mithra Global,"Mumbai, Maharashtra",full_time,Unknown,"Business Analyst responsibilities are:  A business analyst serves as a liaison between developers and users, clients, management and IT.  Using IT resources at an advanced level to create IT solutions, enabling organiastion meet their goals  Understanding data formats and translating them to useful process inputs.  Understanding calculation logic and interacting with the clients on their queries  Good knowledge of subject matter – both Finance and IT  Doing product demonstrations internal…",,2022-11-22,https://www.adzuna.in/details/3710148607?utm_medium=api&utm_source=e9841bd4,Adzuna API,2026-09-04,Mumbai,Maharashtra,India,0
5727082142,Business Analyst,MM Staffing & Career Consultants,"Bangalore, Karnataka",full_time,Unknown,"Job Description: Position: Business Analyst Location: Bangalore, WFO Experience requirement: 3 Years Joining Date: Immediate to 30 days Job Description minimum 3 years of experience in Business Analyst position with good knowledge in Bank Payments domain know the workflow of Payment services (UPI / IMPS / NEFT / RTGS) should understand the Payment Gateway Services. should know how the Bank Payment Services are integrated. should be able to give solutioning for issues related to Payments. should…",Process Mapping,2026-05-13,https://www.adzuna.in/details/5727082142?utm_medium=api&utm_source=e9841bd4,Adzuna API,2026-09-04,Bangalore,Karnataka,India,1
5859124842,Business Analyst,Proarch Technology Services,"Kolkata, West Bengal",Not Specified,Unknown,"Pro Arch is looking for a talented and detail-oriented Business Analyst to join our growing team. As a Business Analyst, you will be responsible for analyzing business needs, gathering requirements, and facilitating effective communication between stakeholders and technical teams. You will play a key role in transforming ideas into actionable project deliverables, ensuring that solutions meet business objectives and user needs. Your responsibilities will include conducting thorough requirements…",Stakeholder Management,2026-08-28,https://www.adzuna.in/details/5859124842?utm_medium=api&utm_source=e9841bd4,Adzuna API,2026-09-04,Kolkata,West Bengal,India,1
5719182260,Business Analyst,Redfoxa Careerlink Pvt Ltd,"Bangalore, Karnataka",full_time,Unknown,"Title: Business Analyst – Fresher Company: Concentrix Location: Bangalore CTC: ₹4 – ₹4.8 LPA Job Description: We are hiring Business Analysts for Concentrix, Bangalore. This is a great opportunity for fresh graduates to start their IT career in a professional corporate environment. Key Responsibilities: Analyze business requirements and processes Coordinate with internal teams and stakeholders Support data analysis and reporting Ensure smooth project execution Eligibility Criteria: Any Graduate…",Data Analysis; Requirements Gathering; Stakeholder Management,2026-05-05,https://www.adzuna.in/details/5719182260?utm_medium=api&utm_source=e9841bd4,Adzuna API,2026-09-04,Bangalore,Karnataka,India,3
5815241095,Business Analyst,Thomasmount Consulting,"Bangalore, Karnataka",full_time,Unknown,"Job Description- Business Analyst/AMT Minimum 2- 3 years of experience in Business Analyst role Experience working in Service based company Bachelor's Degree in an appropriate field of study or equivalent work experience Exposure to Project management tools like Jira Ability to work independently and with others. Proven experience in eliciting requirements and testing Create comprehensive, accurate business and functional requirements and present them clearly to clients and development teams. C…",Jira,2026-07-25,https://www.adzuna.in/details/5815241095?utm_medium=api&utm_source=e9841bd4,Adzuna API,2026-09-04,Bangalore,Karnataka,India,1
5503836817,Business Analyst,Vision Infotech,"Surat, Gujarat",full_time,Unknown,"Description We are looking for a skilled Business Analyst to join Vision Infotech, a leading IT company. As a Business Analyst, you will play a crucial role in analyzing business processes, identifying areas for improvement, and recommending solutions to enhance efficiency and productivity. Your insights will be instrumental in driving strategic decision-making and ensuring the successful implementation of projects. Working at Vision Infotech, you will be involved in a variety of projects aimed…",,2025-11-20,https://www.adzuna.in/details/5503836817?utm_medium=api&utm_source=e9841bd4,Adzuna API,2026-09-04,Surat,Gujarat,India,0
2609531597,Business Analyst,Texila American University,"Coimbatore, Tamil Nadu",full_time,Unknown,"Title : Business Analyst Reporting to : Project Manager Work Location : Coimbatore, TN Summary : As a Business Analyst, he/she will be working as a member of product development team who analyzes the business domain, documents its processes and systems, outlines business requirements, and matches a software business model with the software being built. You will be bridging the gap between stakeholders and the development team, interpreting business requirements into understandable development t…",Requirements Gathering; Stakeholder Management,2021-11-04,https://www.adzuna.in/details/2609531597?utm_medium=api&utm_source=e9841bd4,Adzuna API,2026-09-04,Coimbatore,Tamil Nadu,India,2
4755979420,Business Analysts,Money Honey Financial Services Private Limited,"Mumbai, Maharashtra",full_time,Unknown,"Job brief We are looking for a Business Analyst to help us to build our online-only investment platform, which will enable investors to easily invest in mutual funds from leading fund houses in India, corporate fixed deposits, and various other investment products. Another important activity where Business analyst will help us is that to keep a track on different asset class and keep them updated in system. Which will help us to do financial planning for the investor. Business Analyst Desk - JD…",,2024-06-28,https://www.adzuna.in/details/4755979420?utm_medium=api&utm_source=e9841bd4,Adzuna API,2026-09-04,Mumbai,Maharashtra,India,0
3266737478,Business Analyst,Sigma Infosolutions,"Bangalore, Karnataka",full_time,Unknown,"Job Description of Business Analyst About the job: We are looking for a Business Analyst for E-commerce domain (Magento) Role: Your role will be of Business Analyst Location: Bangalore · Requirement Collection, Documentation and Analysis for existing and new projects · Propose reasonable solution to client’s requirement in alignment with technical & budget feasibility. · Bring clarity in work scope between development team & client. · Leading and managing multiple projects end to end. · Client …",Documentation,2022-06-28,https://www.adzuna.in/details/3266737478?utm_medium=api&utm_source=e9841bd4,Adzuna API,2026-09-04,Bangalore,Karnataka,India,1
5806704101,Business Analyst,Exioms Technology,"Pune, Maharashtra",Not Specified,Unknown,"Business Analyst What are we looking for Degree in Computer Science or Engineering related to subject. 3 years of Business Analyst Solid understanding of the requirement analysis and client servicing Ability to rapidly learn and take advantage of new concepts, business models, and methods Responsibilities Needs to prepare business and functional requirements document. Gathering information on the project requirements from the client and preparing documents or business proposals as per client re…",,2026-07-19,https://www.adzuna.in/details/5806704101?utm_medium=api&utm_source=e9841bd4,Adzuna API,2026-09-04,Pune,Maharashtra,India,0
5842051499,Business Analyst,IDFC FIRST Bank,"Mumbai, Maharashtra",full_time,Unknown,"Job Requirements Role/Job Title : Business Analyst Business : Data & Analytics Job Purpose: 'Business Analyst works with the Data Analysts, Data Scientists and vendor partners to create technical and functional specifications for underlying business requirements. The Analyst ensures that the solutions provided for underlying business requirements are aligned to high-level business and Data & Analytics outcomes. The Analyst also co-ordinates and ensures complete understanding of business require…",Requirements Gathering,2026-08-14,https://www.adzuna.in/details/5842051499?utm_medium=api&utm_source=e9841bd4,Adzuna API,2026-09-04,Mumbai,Maharashtra,India,1
5861795571,Business Analyst,COTIVITI,"Pune, Maharashtra",Not Specified,Unknown,"Business Analyst The Business Analyst role is aligned to our Content and Operating Solutions Team within the Prospective Payment Management BU. This role will partner with various divisions and levels of leadership within the whole organization. A Business Analyst will work alongside Business teams, R&D Teams, & Operating Solutions team as well as external departments including any level of leadership to collaborate in achieving the goals established by the department and organization. Knowledg…",R,2026-08-30,https://www.adzuna.in/details/5861795571?utm_medium=api&utm_source=e9841bd4,Adzuna API,2026-09-04,Pune,Maharashtra,India,1
5832798246,Business Analyst,Coditas Technologies,"Pune, Maharashtra",Not Specified,Unknown,"We are looking to hire a highly driven Business Analyst to assist the company to improve business efficiency. The candidate needs to work closely with the clients stakeholders, senior BA, and product managers to understand and document requirements in detail. The person will work as a guide to the team and provide project-level analysis - producing required project analysis documentation (business requirements, design documents, use cases, sequence diagrams, future state proposals, UAT plan). R…",R; Requirements Gathering; Stakeholder Management; Documentation,2026-08-08,https://www.adzuna.in/details/5832798246?utm_medium=api&utm_source=e9841bd4,Adzuna API,2026-09-04,Pune,Maharashtra,India,4
1171506747,Business Analyst,Ixora Global Services,"Gurgaon, Haryana",full_time,Unknown,"Business Analyst I JD for ‘Business Analyst - I’ Resource Experience Required - 6 to 8 years Location - India Summary The ‘Business Analyst’ works closely with the business and technical teams. This role is a major contributor to the requirements specification deliverable, writes the business and functional requirements and ensures the analytical, build, test and deployment tasks related to both internally developed as well as third party solutions are successfully completed. Performs feasibili…",,2019-06-05,https://www.adzuna.in/details/1171506747?utm_medium=api&utm_source=e9841bd4,Adzuna API,2026-09-04,Gurgaon,Haryana,India,0
5255506980,Business Analyst,NeoGenCode Technologies Pvt Ltd,India,full_time,Unknown,"Position : Business Analyst Experience : 5 Years Location : Remote Notice Period : Immediate Joiners Preferred (or candidates serving 10–15 days’ notice) Interview Mode : Virtual Job Description : We are seeking an experienced Business Analyst with a strong background in requirements gathering, functional documentation, and stakeholder management, particularly in the US Healthcare payer domain . Mandatory Skills : Business Analysis, US Healthcare Payer Domain, Requirement Gathering, User Storie…",Requirements Gathering; Stakeholder Management; Documentation,2025-06-18,https://www.adzuna.in/details/5255506980?utm_medium=api&utm_source=e9841bd4,Adzuna API,2026-09-04,Remote / Nationwide,Pan-India,India,3
5849525633,Business Analyst,Nexuslink Services India Pvt ltd,"Ahmedabad, Gujarat",full_time,Unknown,"Business Analyst Location: Ahmedabad, Gujarat Experience: 3–5 Years Job Type: Full-Time Joining: Immediate Joiners Preferred Job Summary We are looking for a skilled and analytical Business Analyst with 3–5 years of experience to join our team in Ahmedabad. The ideal candidate should have strong experience in requirement gathering, business analysis, documentation, stakeholder management, and working across the complete project lifecycle. Key Responsibilities Gather, understand, analyze, and do…",Stakeholder Management; Documentation,2026-08-20,https://www.adzuna.in/details/5849525633?utm_medium=api&utm_source=e9841bd4,Adzuna API,2026-09-04,Ahmedabad,Gujarat,India,2
5796404549,Business Analyst,Aeries Technology,"Bangalore, Karnataka",Not Specified,Unknown,"Job description Quickbase provides a cloud-based platform for creating business applications. The platform offers lowcode development, integration, and workflow orchestration. Quickbase also supports prototyping and application architecture Roles and Responsibility Salesforce Business Analyst As a Business Analyst on the Enterprise Business Systems team, you will play a pivotal role in bridging business needs with technical solutions. Your responsibilities will span across understanding busines…",Process Mapping,2026-07-11,https://www.adzuna.in/details/5796404549?utm_medium=api&utm_source=e9841bd4,Adzuna API,2026-09-04,Bangalore,Karnataka,India,1
5758900366,Business Analyst,InTouch CX,"Hyderabad, Telangana",Not Specified,Unknown,"About the Job The Business Analyst plays a key role in assisting the business by analyzing and providing insights to support strategic decision making and achievement of corporate goals, assisting in the operationalization of business, process, quality assurance, and reporting. As Business Analyst, You Will… Identify the analysis requirement, coordinate with teams, and finalize the specific requirement Follow up on the progress of work items and communicate with project team members Capture det…",,2026-06-11,https://www.adzuna.in/details/5758900366?utm_medium=api&utm_source=e9841bd4,Adzuna API,2026-09-04,Hyderabad,Telangana,India,0
5829887321,Business Analyst,ONIT,"Pune, Maharashtra",Not Specified,Unknown,"Job Description: Onit Inc is looking for a highly organized self-starter to join our team as a Business Analyst on the simple Legal and Contract Works products, in the legal tech SaaS industry. Onit is known for outstanding customer support. We are second to none in our space and are looking for experienced Business Analysts to join our team. As a member of our team, you will help to improve upon and lead our post-sale efforts for Integrations by working directly with new customers alongside th…",,2026-08-06,https://www.adzuna.in/details/5829887321?utm_medium=api&utm_source=e9841bd4,Adzuna API,2026-09-04,Pune,Maharashtra,India,0
5799557395,Business Analyst,VDart,"Srirangam, Tiruchirappalli",Not Specified,Unknown,"Business Analyst (0–2 Years) | AI Product Development | Trichy (Work from Office) About the Role We're looking for a motivated Business Analyst to join our AI Product Development team. In this role, you'll work closely with the Product Owner, Project Manager, Engineering, UI/UX, and QA teams to gather requirements, document business processes, and support the successful delivery of AI-powered products. This is an excellent opportunity for recent graduates and early-career professionals who are …",,2026-07-14,https://www.adzuna.in/details/5799557395?utm_medium=api&utm_source=e9841bd4,Adzuna API,2026-09-04,Srirangam,Tiruchirappalli,India,0
5727133034,Business Analyst,MM Staffing & Career Consultants,"Bangalore, Karnataka",Not Specified,Unknown,"Job Description: Job Description Position: Business Analyst, Securities Services Location: Bangalore/ Remote/ Hybrid Job Type: 9 month Contract Notice Period: Immediate to 15 days CTC : 3.5 lakh per month Principle Responsibilities: The Business Analyst will be a liaison between technology, operations, and various business units to lead and facilitate the creation and specification of business requirements regarding a new digital platform for Securities Services. The Business Analyst is expecte…",Requirements Gathering,2026-05-13,https://www.adzuna.in/details/5727133034?utm_medium=api&utm_source=e9841bd4,Adzuna API,2026-09-04,Bangalore,Karnataka,India,1
5629158866,Business Analyst,Dynarex Technologies PvtLtd,"Mohali, Punjab",full_time,Unknown,"We are looking for an experienced and dynamic Senior Business Analyst to join our growing team. If you have strong analytical skills and a passion for delivering data-driven solutions, we’d love to connect with you! Position: Business Analyst Location: Mohali - 8B Experience: 3 Years : Requirements Documentation: Develop, manage, and maintain BRD, FRD, and SRS documents to ensure clear understanding and alignment among stakeholders. Wireframing: Create detailed wireframes and process flows…",Requirements Gathering; Stakeholder Management; Documentation,2026-02-14,https://www.adzuna.in/details/5629158866?utm_medium=api&utm_source=e9841bd4,Adzuna API,2026-09-04,Mohali,Punjab,India,3
4794473965,Business Analyst,Vmultiply solutions,"Noida, Ghaziabad",full_time,Unknown,"JD for Business Analyst ""zoho"" JOB DESCRIPTION Job Title - Business Analyst “Zoho” Experience - 2 yrs Location - Noida Extension Responsibilities- Define project scope and document business requirements. Design technical specifications, using best practices and minimising the need for custom coding. Provide internal CRM consulting, analyse data and processes to improve the business process to drive growth. Create solutions on our ZOHO platform to meet the internal customer requirements. Automat…",Requirements Gathering; Business Process Analysis,2024-07-25,https://www.adzuna.in/details/4794473965?utm_medium=api&utm_source=e9841bd4,Adzuna API,2026-09-04,Noida,Ghaziabad,India,2
5120355680,Business Analyst,Talhive,"Bangalore, Karnataka",Not Specified,Unknown,"Job Title: Business Analyst Summary: The Business Analyst will be responsible for leading the data and reporting aspects of the business. This includes gathering and analyzing data, creating reports and dashboards, and communicating insights to stakeholders and clients. The ideal candidate will have strong Excel skills, be data-driven, and have a proven track record of impacting SaaS businesses. Essential Duties and Responsibilities: Gather and analyze data from a variety of sources, including …",Excel; Stakeholder Management,2025-04-01,https://www.adzuna.in/details/5120355680?utm_medium=api&utm_source=e9841bd4,Adzuna API,2026-09-04,Bangalore,Karnataka,India,2
3502543793,Business Analyst,Wolken Software,"Bangalore, Karnataka",full_time,Unknown,"About the Company: Wolken Software provides a suite of AI-enabled, SaaS 2.0 cloud-native applications for Customer Service and Enterprise Solutions namely Wolken Service Desk, Wolken's IT Service Management, and Wolken's HR Case Management. We have replaced incumbents like Salesforce, ServiceNow Zendesk, etc. at various Fortune 500 and Fortune 1000 companies. Job Description: We are looking for a Business Analyst with strong organizational and planning skills and a proven ability to multitask i…",,2022-09-20,https://www.adzuna.in/details/3502543793?utm_medium=api&utm_source=e9841bd4,Adzuna API,2026-09-04,Bangalore,Karnataka,India,0
4091518943,Business Analyst,Ebizz Infotech,"Surat, Gujarat",full_time,Unknown,"We are hiring a business analyst to join our project team. You will work alongside project stakeholders and report directly to Sr. Business analysts. The purpose of the role is to liaison and bridge the gap between the BDM team and technical team to comprehend and analyze customer requirements and translate it to the development teams thereby, ensuring the right requirement detail in the documentation. To succeed in this role, you should have a natural analytical way of thinking and be able to …",Stakeholder Management; Documentation,2023-05-10,https://www.adzuna.in/details/4091518943?utm_medium=api&utm_source=e9841bd4,Adzuna API,2026-09-04,Surat,Gujarat,India,2
5555120217,Business Analyst,Innover Systems,"Pune, Maharashtra",full_time,Unknown,"Title: Senior Business Analyst (IoT & Digital Transformation) Location: Baner, Pune (On-site) Experience: 4 Years We are looking for a Senior Business Analyst to bridge the gap between complex business needs and technical execution. In this role, you won't just document requirements—you will shape the future of our IoT solutions by identifying trends and turning raw data into an actionable business strategy. What You’ll Do Architect Solutions: Transform high-level business visions into precise …",,2025-12-25,https://www.adzuna.in/details/5555120217?utm_medium=api&utm_source=e9841bd4,Adzuna API,2026-09-04,Pune,Maharashtra,India,0
5850378534,Business Analyst,Olam International,"Chennai, Tamil Nadu",Not Specified,Unknown,"We are seeking an experienced Business Analyst to join our team in India. The ideal candidate will have a strong background in analyzing business processes and requirements, along with a proven track record of delivering solutions that drive efficiency and effectiveness in business operations. Responsibilities Gather and analyze business requirements from stakeholders. Develop and maintain detailed documentation of business processes and requirements. Create data models and process flow diagram…",Requirements Gathering; Stakeholder Management; Documentation,2026-08-21,https://www.adzuna.in/details/5850378534?utm_medium=api&utm_source=e9841bd4,Adzuna API,2026-09-04,Chennai,Tamil Nadu,India,3
5728332881,Business Analyst,Acura Solution,"Gurgaon, Haryana",full_time,Unknown,"Job Description: Business Analyst Location: no constraints (WFH as per policy) Job Description & skills: Overall industry experience: 12 years Hands on experience of requirement gathering & analysis (7yrs, 15 projects), mobile app related projects. Coordinate with various business and IT stakeholders to understand their business requirements. Conduct design thinking workshops. Create user journeys to articulate as-is processes. Work with stakeholders to understand their needs and gather detaile…",Requirements Gathering; Stakeholder Management,2026-05-14,https://www.adzuna.in/details/5728332881?utm_medium=api&utm_source=e9841bd4,Adzuna API,2026-09-04,Gurgaon,Haryana,India,2
3433222166,Business Analyst,Myrsa Technology Solutions,"Thane, Maharashtra",full_time,Unknown,"Our business analysts are the drivers behind our continued growth and success. With our commitment to innovation, it’s our business analysts who seek out, develop, and help implement strategic initiatives for improved efficiency and productivity. We’re currently searching for an experienced business analyst to help guide our organization into the future. From researching progressive systems solutions to evaluating their impact, our ideal candidate is a detailed planner, expert communicator, and…",,2022-08-26,https://www.adzuna.in/details/3433222166?utm_medium=api&utm_source=e9841bd4,Adzuna API,2026-09-04,Thane,Maharashtra,India,0
2583051695,Business Analyst,IRIS BUSINESS SERVICES LIMITED,"Navi Mumbai, Maharashtra",full_time,Unknown,"Job Title : Business Analyst Experience Range - 2 to 6 years Location : Vashi - Navi Mumbai Roles and Responsibilities : - Conduct requirements gathering, analysis, planning, and logical design of a software product by working with internal and external stakeholders - Gather business/ functional requirements from the clients and create user stories and work closely with technology teams to get it developed - Understand the Software Development Life Cycle and develop an understanding of current …",Requirements Gathering; Stakeholder Management,2021-10-27,https://www.adzuna.in/details/2583051695?utm_medium=api&utm_source=e9841bd4,Adzuna API,2026-09-04,Navi Mumbai,Maharashtra,India,2
5855248947,Business Analyst,Blackbaud India,"Hyderabad, Telangana",full_time,Unknown,"Job Description For Staff Business Analyst, Blackbaud Luminate Business Analysts (BAs) play a crucial role in helping clients leverage our platforms to raise money and stay connected with their constituents. This position is for the Luminate Online services team at Blackbaud, which serves a wide range of non-profits/NGOs. This position will be staffed by BB India and will provide support to US-based services staff. Work Location & Schedule Work Location: Sky tech, Financial District, Hyderabad,…",,2026-08-25,https://www.adzuna.in/details/5855248947?utm_medium=api&utm_source=e9841bd4,Adzuna API,2026-09-04,Hyderabad,Telangana,India,0
5856942808,Business Analyst,Blackbaud,India,full_time,Unknown,"Job description for Staff Business Analyst, Blackbaud Luminate Business Analysts (BAs) play a crucial role in helping clients leverage our platforms to raise money and stay connected with their constituents. This position is for the Luminate Online services team at Blackbaud, which serves a wide range of non-profits/NGOs. This position will be staffed by BB India and will provide support to US-based services staff. Work Location & Schedule Work Location: Sky tech, Financial District, Hyderabad,…",,2026-08-26,https://www.adzuna.in/details/5856942808?utm_medium=api&utm_source=e9841bd4,Adzuna API,2026-09-04,Remote / Nationwide,Pan-India,India,0
5015650325,Business Analyst,Forerunner Consultancy Services,"Pune, Maharashtra",Not Specified,Unknown,For the Role of a Business Analyst(BA). An excellent opportunity with MNC for the candidates with the experience in F&A (AP-AR-GL) domain knowledge on platforms Oracale 11i EBS and SAP FICO. Mail your profiles to forerunnerpune@gmail.com,,2025-01-18,https://www.adzuna.in/details/5015650325?utm_medium=api&utm_source=e9841bd4,Adzuna API,2026-09-04,Pune,Maharashtra,India,0
5699259929,Business Analyst,EXL,India,full_time,Unknown,"Description Business Analysts analyze business processes and develop requirements for projects. Responsibilities include gathering and documenting business needs, conducting analysis, and supporting project implementation. You will work with stakeholders to address business challenges and drive improvements. Strong experience in business analysis and problem-solving skills are required. Responsibilities Design and implement business solutions, Optimize business processes, Ensure solutions meet …",Stakeholder Management,2026-04-15,https://www.adzuna.in/details/5699259929?utm_medium=api&utm_source=e9841bd4,Adzuna API,2026-09-04,Remote / Nationwide,Pan-India,India,1
5861231518,Business Analyst,EXL,"Noida, Ghaziabad",full_time,Unknown,"Description Business Analysts analyze business processes and develop requirements for projects. Responsibilities include gathering and documenting business needs, conducting analysis, and supporting project implementation. You will work with stakeholders to address business challenges and drive improvements. Strong experience in business analysis and problem-solving skills are required. Responsibilities Design and implement business solutions, Optimize business processes, Ensure solutions meet …",Stakeholder Management,2026-08-29,https://www.adzuna.in/details/5861231518?utm_medium=api&utm_source=e9841bd4,Adzuna API,2026-09-04,Noida,Ghaziabad,India,1
5861221076,Business Analyst,EXL,"Pune, Maharashtra",full_time,Unknown,"Description Business Analysts analyze business processes and develop requirements for projects. Responsibilities include gathering and documenting business needs, conducting analysis, and supporting project implementation. You will work with stakeholders to address business challenges and drive improvements. Strong experience in business analysis and problem-solving skills are required. Responsibilities Design and implement business solutions, Optimize business processes, Ensure solutions meet …",Stakeholder Management,2026-08-29,https://www.adzuna.in/details/5861221076?utm_medium=api&utm_source=e9841bd4,Adzuna API,2026-09-04,Pune,Maharashtra,India,1
5864854473,Business Analyst,EXL,"Bangalore, Karnataka",full_time,Unknown,"Description Business Analysts analyze business processes and develop requirements for projects. Responsibilities include gathering and documenting business needs, conducting analysis, and supporting project implementation. You will work with stakeholders to address business challenges and drive improvements. Strong experience in business analysis and problem-solving skills are required. Responsibilities Design and implement business solutions, Optimize business processes, Ensure solutions meet …",Stakeholder Management,2026-09-01,https://www.adzuna.in/details/5864854473?utm_medium=api&utm_source=e9841bd4,Adzuna API,2026-09-04,Bangalore,Karnataka,India,1
5329708622,Business Analyst,Topcoder,"Noida, Ghaziabad",Not Specified,Unknown,"Looking for a Business analyst -.MBA (preferably) Good communication skills Understanding of analytics requirement gathering Good understanding of supply chain or procurement domain knowledge Basics of how a Power BI dashboard should be designed & developed, good in Excel.",Excel; Power BI; Communication,2025-07-31,https://www.adzuna.in/details/5329708622?utm_medium=api&utm_source=e9841bd4,Adzuna API,2026-09-04,Noida,Ghaziabad,India,3
5832798190,Business Analyst,Milestone Online Technology,"Patna, Bihar",Not Specified,Unknown,"Key Responsibilities: Gather, document, and validate business requirements from stakeholders. Analyze current business processes and identify areas for improvement. Develop detailed business cases, process flows, and data models. Collaborate with IT, development teams, and product owners to design and implement solutions. Translate business requirements into technical specifications and user stories. Conduct impact analysis and feasibility studies for proposed changes. Support project delivery …",Requirements Gathering; Stakeholder Management,2026-08-08,https://www.adzuna.in/details/5832798190?utm_medium=api&utm_source=e9841bd4,Adzuna API,2026-09-04,Patna,Bihar,India,2
5832798160,Business Analyst,Milestone Online Technology,"Gurgaon, Haryana",Not Specified,Unknown,"Key Responsibilities: Gather, document, and validate business requirements from stakeholders. Analyze current business processes and identify areas for improvement. Develop detailed business cases, process flows, and data models. Collaborate with IT, development teams, and product owners to design and implement solutions. Translate business requirements into technical specifications and user stories. Conduct impact analysis and feasibility studies for proposed changes. Support project delivery …",Requirements Gathering; Stakeholder Management,2026-08-08,https://www.adzuna.in/details/5832798160?utm_medium=api&utm_source=e9841bd4,Adzuna API,2026-09-04,Gurgaon,Haryana,India,2
5832798189,Business Analyst,Milestone Online Technology,"Ludhiana, Punjab",Not Specified,Unknown,"Key Responsibilities: Gather, document, and validate business requirements from stakeholders. Analyze current business processes and identify areas for improvement. Develop detailed business cases, process flows, and data models. Collaborate with IT, development teams, and product owners to design and implement solutions. Translate business requirements into technical specifications and user stories. Conduct impact analysis and feasibility studies for proposed changes. Support project delivery …",Requirements Gathering; Stakeholder Management,2026-08-08,https://www.adzuna.in/details/5832798189?utm_medium=api&utm_source=e9841bd4,Adzuna API,2026-09-04,Ludhiana,Punjab,India,2
5832798146,Business Analyst,Milestone Online Technology,"Pune, Maharashtra",Not Specified,Unknown,"Key Responsibilities: Gather, document, and validate business requirements from stakeholders. Analyze current business processes and identify areas for improvement. Develop detailed business cases, process flows, and data models. Collaborate with IT, development teams, and product owners to design and implement solutions. Translate business requirements into technical specifications and user stories. Conduct impact analysis and feasibility studies for proposed changes. Support project delivery …",Requirements Gathering; Stakeholder Management,2026-08-08,https://www.adzuna.in/details/5832798146?utm_medium=api&utm_source=e9841bd4,Adzuna API,2026-09-04,Pune,Maharashtra,India,2
5832798154,Business Analyst,Milestone Online Technology,"Kolkata, West Bengal",Not Specified,Unknown,"Key Responsibilities: Gather, document, and validate business requirements from stakeholders. Analyze current business processes and identify areas for improvement. Develop detailed business cases, process flows, and data models. Collaborate with IT, development teams, and product owners to design and implement solutions. Translate business requirements into technical specifications and user stories. Conduct impact analysis and feasibility studies for proposed changes. Support project delivery …",Requirements Gathering; Stakeholder Management,2026-08-08,https://www.adzuna.in/details/5832798154?utm_medium=api&utm_source=e9841bd4,Adzuna API,2026-09-04,Kolkata,West Bengal,India,2
5832798168,Business Analyst,Milestone Online Technology,"Bangalore, Karnataka",Not Specified,Unknown,"Key Responsibilities: Gather, document, and validate business requirements from stakeholders. Analyze current business processes and identify areas for improvement. Develop detailed business cases, process flows, and data models. Collaborate with IT, development teams, and product owners to design and implement solutions. Translate business requirements into technical specifications and user stories. Conduct impact analysis and feasibility studies for proposed changes. Support project delivery …",Requirements Gathering; Stakeholder Management,2026-08-08,https://www.adzuna.in/details/5832798168?utm_medium=api&utm_source=e9841bd4,Adzuna API,2026-09-04,Bangalore,Karnataka,India,2
5832798175,Business Analyst,Milestone Online Technology,"Bhopal, Madhya Pradesh",Not Specified,Unknown,"Key Responsibilities: Gather, document, and validate business requirements from stakeholders. Analyze current business processes and identify areas for improvement. Develop detailed business cases, process flows, and data models. Collaborate with IT, development teams, and product owners to design and implement solutions. Translate business requirements into technical specifications and user stories. Conduct impact analysis and feasibility studies for proposed changes. Support project delivery …",Requirements Gathering; Stakeholder Management,2026-08-08,https://www.adzuna.in/details/5832798175?utm_medium=api&utm_source=e9841bd4,Adzuna API,2026-09-04,Bhopal,Madhya Pradesh,India,2
5861792577,Business Analyst,Talodyn Networks Private Limited,"Bangalore, Karnataka",Not Specified,Unknown,"Job Description Role : Business Analyst Location : PAN India Years of experience needed – 6 years Technical Skills: • Liaise with multiple stakeholders from the business and technical teams to drive projects from conceptualization to deployment • Should be able to lead and facilitate requirement elicitation workshops to understand business need • Document requirements to define business needs, model requirements and define business cases • Identify and define use cases and develop user stories …",Stakeholder Management,2026-08-30,https://www.adzuna.in/details/5861792577?utm_medium=api&utm_source=e9841bd4,Adzuna API,2026-09-04,Bangalore,Karnataka,India,1
5828668155,Business Analyst,Toolyt,"Richmond Town, Bangalore",full_time,Unknown,"Hiring: Business Analyst (0–1 Year Experience) We are looking for an enthusiastic Business Analyst to join our team and help implement technology solutions while working closely with clients and internal teams. This is a great opportunity for freshers or candidates with up to 1 year of experience who are eager to build a career in business analysis. Key Responsibilities: • Gather and analyze client/business requirements and prepare BRD/FSD documents. • Create workflows, scenarios, use cases, an…",Requirements Gathering,2026-08-05,https://www.adzuna.in/details/5828668155?utm_medium=api&utm_source=e9841bd4,Adzuna API,2026-09-04,Richmond Town,Bangalore,India,1
4686706474,Business Analyst,Not Specified,"Chennai, Tamil Nadu",Not Specified,Unknown,"We are looking for Business Analyst Responsibilities and Duties · Service Explanation · Budget Preparation · Followup Client · Payment Followup · Client Interaction Required Fresher/Experience, Skills and Qualifications · Excellent Communication Skills · Candidate Should have a Bachelor degree · Immediate Joiner More preferred",Communication,2024-05-10,https://www.adzuna.in/details/4686706474?utm_medium=api&utm_source=e9841bd4,Adzuna API,2026-09-04,Chennai,Tamil Nadu,India,1
5727143893,Business Analyst,Mantras2Success,"Gandhinagar, Gujarat",full_time,Unknown,"Job Description: Role Summary: The Business Analyst will collaborate with product solutions, development, and testing teams to define requirements and propose solutions for the functional design, user interface, and workflow of new and enhanced application features. This role also involves working closely with project managers, scrum masters, and other business units to ensure successful project delivery. Key Responsibilities: ● Liaise with stakeholders to gather detailed requirements, test dat…",Stakeholder Management; Process Mapping; Scrum,2026-05-13,https://www.adzuna.in/details/5727143893?utm_medium=api&utm_source=e9841bd4,Adzuna API,2026-09-04,Gandhinagar,Gujarat,India,3
5336689187,Business Analysts,EWU,"Kochi, Ernakulam",full_time,Unknown,"We are seeking a detail-oriented and analytical Business Analyst to bridge the gap between business needs and technology solutions. The ideal candidate will be responsible for analyzing business processes, identifying improvement areas, and supporting data-driven decision-making through insights and documentation. Skills:- Business Analysis, MS-Excel, PowerBI, SQL and trainer",SQL; Excel; Power BI; Documentation,2025-08-04,https://www.adzuna.in/details/5336689187?utm_medium=api&utm_source=e9841bd4,Adzuna API,2026-09-04,Kochi,Ernakulam,India,4
3911379858,Business Analyst,Codebuddy Pvt. Ltd.,"Kolkata, West Bengal",full_time,Unknown,"Job Description We are looking for a Business Analyst to join our team. In this role, you will contribute to various phases of the software development process or software testing. Apply now for the role of Business Analyst at CodeBuddy that is opening doors for skilled, energetic and enthusiastic personnel. If you are willing to work in fast-paced, multi-tasking, team environment, the engineers, internal partners, and stakeholders then you could be the perfect fit for the opening. Responsibili…",Stakeholder Management,2023-02-08,https://www.adzuna.in/details/3911379858?utm_medium=api&utm_source=e9841bd4,Adzuna API,2026-09-04,Kolkata,West Bengal,India,1
3592404194,Business Analyst,HyreSpree,"Hyderabad, Telangana",full_time,Unknown,"Role: Developer - Business Analyst Experience : 5 years Location : Hyderabad ( Work from office) Job Type : Full Time Permanent position Notice Period : Immediate joiners or max 15 days Requirements: Analytical skills, problem-solving skills, Strong communication and domain knowledge. Sound Knowledge in HTML,CSS, Microsoft. Net framework, Javascript, PHP, React and SQL. Able to create detail business analysis, outlining problems, opportunities and solutions for the business. Experience in Agile…",SQL; Agile,2022-10-16,https://www.adzuna.in/details/3592404194?utm_medium=api&utm_source=e9841bd4,Adzuna API,2026-09-04,Hyderabad,Telangana,India,2
5842569972,Business Analyst,Ara Resources Private Limited,"Bangalore, Karnataka",Not Specified,Unknown,"The Role: The Business Analyst will be responsible for bridging the gap between business needs and technical solutions. In this role, you will work closely with stakeholders to gather and document requirements, ensuring that project objectives align with organizational goals. Key Responsibilities: Engage with business stakeholders to gather, understand, and document requirements for new systems, processes, or projects. Communicate clearly and effectively with both technical and non-technical st…",Stakeholder Management,2026-08-15,https://www.adzuna.in/details/5842569972?utm_medium=api&utm_source=e9841bd4,Adzuna API,2026-09-04,Bangalore,Karnataka,India,1
5822020256,Business Analyst,iprogrammer,"Pune, Maharashtra",Not Specified,Unknown,"Position: Business Analyst Experience: 4-7 Yrs Job Location: Pune Work Mode: Work from Office Employment Type: Full Time Role Job Overview: We are looking for an experienced Business Analyst to bridge business needs with technology solutions. The candidate will be responsible for requirement gathering, stakeholder management, business process analysis, well understanding of design, mock-ups, BRS & FRS documentation, sprint grooming, user story writing, acceptance criteria defining, UAT support,…",Stakeholder Management; Business Process Analysis; Documentation,2026-07-31,https://www.adzuna.in/details/5822020256?utm_medium=api&utm_source=e9841bd4,Adzuna API,2026-09-04,Pune,Maharashtra,India,3
4855312747,Business Analyst,Litpix Studio Private Limited,"Jaipur, Rajasthan",full_time,Unknown,"About the Role: We are seeking a skilled Business Analyst to join our IT team. As a Business Analyst, you will be responsible for bridging the gap between business needs and technology solutions. You will work closely with stakeholders, developers, and project managers to ensure that requirements are gathered, analyzed, and implemented in alignment with the company’s business objectives. This role demands strong analytical, problem-solving, and communication skills, along with a solid understan…",Stakeholder Management; Communication,2024-09-07,https://www.adzuna.in/details/4855312747?utm_medium=api&utm_source=e9841bd4,Adzuna API,2026-09-04,Jaipur,Rajasthan,India,2
2933962322,Business Analyst,Unnati,"Delhi, India",full_time,Unknown,"Do you wish to be a part of a disruptive team, passionate towards democratizing education for students across India? Then read more. Our client is an expert in education financing and counselling related to higher studies abroad. They help students to understand about scholarships in various colleges abroad, whether they are eligible and how to apply for such esteemed institutions. Their dedicated page enlists every scholarship available across the globe, apart from other facilities required by…",,2022-03-01,https://www.adzuna.in/details/2933962322?utm_medium=api&utm_source=e9841bd4,Adzuna API,2026-09-04,Delhi,India,India,0
5750260075,Business Analyst,NebuLogic Technologies,"Hyderabad, Telangana",full_time,Unknown,"Role Summary We are looking for a business analyst with proven experience delivering enterprise-class customer relationship management (CRM) and customer experience (CX) solutions across local, state, and other public sectors. The ideal candidate should be comfortable owning end-to-end delivery from requirement to deployment. Key Responsibilities Lead requirement-gathering sessions, stakeholder discussions, and functional analysis. Manage end-to-end delivery of CRM/CX implementations including …",,2026-06-03,https://www.adzuna.in/details/5750260075?utm_medium=api&utm_source=e9841bd4,Adzuna API,2026-09-04,Hyderabad,Telangana,India,0
5850380679,Business Analyst,Velocis Systems Private Limited,India,Not Specified,Unknown,"We are looking for an experienced Business Analyst with 5–8 years of proven expertise in gathering business requirements, analyzing processes, and translating them into functional and technical specifications. The ideal candidate will act as a bridge between business stakeholders and the technical team, ensuring that project deliverables meet business objectives and user expectations. Key Responsibilities: Engage with stakeholders to elicit, analyze, and document business requirements and proce…",Requirements Gathering; Stakeholder Management,2026-08-21,https://www.adzuna.in/details/5850380679?utm_medium=api&utm_source=e9841bd4,Adzuna API,2026-09-04,Remote / Nationwide,Pan-India,India,2
5861243168,Business Analyst,Right Advisors,"Bangalore, Karnataka",full_time,Unknown,"Job Description: Job Summary The Business Analyst will oversee and conduct the conversion of data into insights that will lead to informed business decisions. He will work directly with stakeholders and the management within the assigned departments. The Business Analyst will have to handle multiple simultaneous tasks, prioritize work, and remain functional under aggressive timelines. Roles & Responsibilities: Identify and formulate problem statements aligned in different verticals of the organ…",Stakeholder Management,2026-08-29,https://www.adzuna.in/details/5861243168?utm_medium=api&utm_source=e9841bd4,Adzuna API,2026-09-04,Bangalore,Karnataka,India,1
5722083454,Business Analyst,Emids,India,Not Specified,Unknown,"Description Business Analyst - Incentive Compensation / Functional Analyst • Define and implement IC strategies aligned with pharma sales structures and compliance requirements • Drive IC discussions with business leaders, translating functional requirements into actionable deliverables and insights. • Ensure accurate IC calculations by integrating data from different systems with robust validations. • Experience in MDM, Data Mart • Exposure to incentive planning and compensation. • Experience …",,2026-05-08,https://www.adzuna.in/details/5722083454?utm_medium=api&utm_source=e9841bd4,Adzuna API,2026-09-04,Remote / Nationwide,Pan-India,India,0
5858377156,Business Analyst,Barclays,India,full_time,Unknown,"Job Description Purpose of the role To support the organisation, achieve its strategic objectives by the identification of business requirements and solutions that address business problems and opportunities. Accountabilities Identification and analysis of business problems and client requirements that require change within the organisation. Development of business requirements that will address business problems and opportunities. Collaboration with stakeholders to ensure that proposed solutio…",Requirements Gathering; Stakeholder Management,2026-08-27,https://www.adzuna.in/details/5858377156?utm_medium=api&utm_source=e9841bd4,Adzuna API,2026-09-04,Remote / Nationwide,Pan-India,India,2
5828880832,Business Analyst,Happiest Resume,"New Delhi, Delhi",full_time,Unknown,"We are looking for a Business Analyst to build and preserve trusting relationships with our clients. To succeed in this role, you should be an excellent communicator, able to work with Companiestounderstandtheirneedsandcatertheproductaccordingly. Wealsoexpectthe candidate to be a strategic thinker with an analytical mind and have strong problem-solving skills.Thejobrequiresthoroughfinancial,Equityand Bankingknowledgeinordertoprovide sound and reliable advice to clients. Key Responsibilities: Un…",,2026-08-05,https://www.adzuna.in/details/5828880832?utm_medium=api&utm_source=e9841bd4,Adzuna API,2026-09-04,New Delhi,Delhi,India,0
4386562594,Business Analyst,RadicalStart Infolab Private Limted,"Madurai, Tamil Nadu",full_time,Unknown,"Proven experience as a Business Analyst or similar role. Strong communication skills, both written and verbal, with the ability to effectively convey complex concepts. Excellent documentation skills, with attention to detail and accuracy. Proficient in logical and analytical thinking, with the ability to solve problems and think critically. Demonstrated understanding of business needs and the ability to perform comprehensive requirement analysis. Familiarity with Jira tool and Agile methodology…",Agile; Jira; Communication; Documentation,2023-10-22,https://www.adzuna.in/details/4386562594?utm_medium=api&utm_source=e9841bd4,Adzuna API,2026-09-04,Madurai,Tamil Nadu,India,4
5860533598,Business Analyst,Binary Semantics Limited,"Gurgaon, Haryana",Not Specified,Unknown,"Binary Semantics Insurtech Services- Strong presence in BFSI segment for more than a decade Considered among top Insurtech Companies of India A team of 150 technology professionals working in Fintech vertical Serving some of the most well-known Global and Indian Automobile brands. Doing exemplary work in Technology areas such as Microsoft .NET, MVC, Cloud Services, AI, Machine Learning etc. Position – Business Analyst Experience – 3 to 5 yrs Location – Gurgaon Education – B tech MBA Salary – A…",,2026-08-29,https://www.adzuna.in/details/5860533598?utm_medium=api&utm_source=e9841bd4,Adzuna API,2026-09-04,Gurgaon,Haryana,India,0
5846911659,Business Analyst,Financial Services,India,full_time,Unknown,"Job Title: Business Analyst – Life Insurance Domain Location: On-site Experience: 2–4 years Education: B.E. / B.Tech / B.Sc (CS/IT) or equivalent Job Summary: We are seeking a proactive and detail-oriented Business Analyst with experience in the Life Insurance domain to join our team. The ideal candidate will act as a bridge between business stakeholders and technical teams, ensuring that business requirements are well-understood, documented, and effectively implemented. Key Responsibilities: R…",R; Requirements Gathering; Stakeholder Management,2026-08-18,https://www.adzuna.in/details/5846911659?utm_medium=api&utm_source=e9841bd4,Adzuna API,2026-09-04,Remote / Nationwide,Pan-India,India,3
5854880424,Business Analyst,Apex 2000,"Bangalore, Karnataka",Not Specified,Unknown,"We are seeking a highly analytical and proactive Business Analyst to evaluate business processes, anticipate requirements, and implement solutions for improvement. You will lead ongoing reviews, stay updated on IT advancements, conduct meetings to share findings, and effectively communicate insights to various stakeholders. This role requires strong leadership in guiding junior staff and meticulous project management. Roles & Responsibilities: Evaluate business processes, anticipating requireme…",Stakeholder Management,2026-08-25,https://www.adzuna.in/details/5854880424?utm_medium=api&utm_source=e9841bd4,Adzuna API,2026-09-04,Bangalore,Karnataka,India,1
5854880420,Business Analyst,Apex 2000,"Kolkata, West Bengal",Not Specified,Unknown,"We are seeking a highly analytical and proactive Business Analyst to evaluate business processes, anticipate requirements, and implement solutions for improvement. You will lead ongoing reviews, stay updated on IT advancements, conduct meetings to share findings, and effectively communicate insights to various stakeholders. This role requires strong leadership in guiding junior staff and meticulous project management. Roles & Responsibilities: Evaluate business processes, anticipating requireme…",Stakeholder Management,2026-08-25,https://www.adzuna.in/details/5854880420?utm_medium=api&utm_source=e9841bd4,Adzuna API,2026-09-04,Kolkata,West Bengal,India,1
5854880417,Business Analyst,Apex 2000,"Pune, Maharashtra",Not Specified,Unknown,"We are seeking a highly analytical and proactive Business Analyst to evaluate business processes, anticipate requirements, and implement solutions for improvement. You will lead ongoing reviews, stay updated on IT advancements, conduct meetings to share findings, and effectively communicate insights to various stakeholders. This role requires strong leadership in guiding junior staff and meticulous project management. Roles & Responsibilities: Evaluate business processes, anticipating requireme…",Stakeholder Management,2026-08-25,https://www.adzuna.in/details/5854880417?utm_medium=api&utm_source=e9841bd4,Adzuna API,2026-09-04,Pune,Maharashtra,India,1
5549958855,Business Analyst,Vistex Career,"Kyasaram, Hyderabad",full_time,Unknown,"Vistex is a global enterprise software and services company that helps businesses take control of their mission-critical processes. With a multitude of programs covering pricing, trade, royalties and incentives, it can be complicated to see where all the money is flowing, let alone how much difference it makes to the topline and the bottom line. With Vistex, business stakeholders can see the numbers, see what really works, and see what to do next – so they can make sure every dollar spent or ea…",Stakeholder Management,2025-12-20,https://www.adzuna.in/details/5549958855?utm_medium=api&utm_source=e9841bd4,Adzuna API,2026-09-04,Kyasaram,Hyderabad,India,1
4686706698,Business Analyst,Not Specified,"Noida, Ghaziabad",Not Specified,Unknown,"You will be responsible for 4-5 years of Business analyst experience in financial domain.Desirable : Good knowledge of SWIFT messaging, Payments & settlements, intra-day liquidity domain. Treasury experience is good to have but not mandatory.Good knowledge of defining operating models, creating As-Is and To-Be processes.Good knowledge of Agile/scrum methodology, writing user stories, defining acceptance criteria.Excellent verbal and written communication skills.Good stakeholder management skill…",Stakeholder Management; Agile; Scrum; Communication,2024-05-10,https://www.adzuna.in/details/4686706698?utm_medium=api&utm_source=e9841bd4,Adzuna API,2026-09-04,Noida,Ghaziabad,India,4
5551011286,Business Analyst,EXL,India,full_time,Unknown,"Description Business Analysts analyze business processes and develop requirements for projects. Responsibilities include gathering and documenting business needs, conducting analysis, and supporting project implementation. You will work with stakeholders to address business challenges and drive improvements. Strong experience in business analysis and problem-solving skills are required. Responsibilities Job Responsibilities · Data collation, processing, cleaning & transformation along with feat…",Stakeholder Management,2025-12-21,https://www.adzuna.in/details/5551011286?utm_medium=api&utm_source=e9841bd4,Adzuna API,2026-09-04,Remote / Nationwide,Pan-India,India,1
4801519596,Business Analyst,Miro,"Chennai, Tamil Nadu",full_time,Unknown,IT Business Analyst Responsibilities: Liaising between the IT department and the executive branch. Acting as an information source and communicator between business branches. Understanding strategic business needs and plans for growth. Enhancing the quality of IT products and services. Analyzing the design of technical systems and business models. Utilizing IT data for business insights. Analyzing business needs. Sourcing and implementing new business technology. Finding technological solutions…,,2024-07-31,https://www.adzuna.in/details/4801519596?utm_medium=api&utm_source=e9841bd4,Adzuna API,2026-09-04,Chennai,Tamil Nadu,India,0
5796406369,Business Analyst,Fujitsu,"Mumbai, Maharashtra",Not Specified,Unknown,"Understanding the Business Objective Analytical and Critical Thinking. Communication and Interpersonal Skills. Negotiation and Cost-Benefit Analysis. Decision-Making Skills. Programming Languages. Creation of Reports and Dashboards. Database and SQL. Role: Business Analyst Industry Type: IT Services & Consulting Department: Data Science & Analytics Employment Type: Full Time, Permanent Role Category: Business Intelligence & Analytics Education UG: Any Graduate PG: Any Postgraduate Skills: Busi…",SQL,2026-07-11,https://www.adzuna.in/details/5796406369?utm_medium=api&utm_source=e9841bd4,Adzuna API,2026-09-04,Mumbai,Maharashtra,India,1
4686705910,Business Analyst,Not Specified,"Noida, Ghaziabad",Not Specified,Unknown,"Kronos is hiring a Business Analyst in Noida who would be responsible for translating the customer requirements into detailed stories and/or work. The individual would also be involved in defining the work that engineering team will deliver and to provide daily support for their flawless execution.• Works with product managers on product requirements, use cases, epics and sub-epics.• Define detailed breakdown of requirements into epics based on the headlines identified by product managers.• To …",,2024-05-10,https://www.adzuna.in/details/4686705910?utm_medium=api&utm_source=e9841bd4,Adzuna API,2026-09-04,Noida,Ghaziabad,India,0
5831397290,Business Analyst,ICE,"Pune, Maharashtra",Not Specified,Unknown,"Job Purpose A Business Analyst plays a crucial role in analyzing business processes, identifying areas for improvement, and implementing solutions that drive business success. This role involves working closely with stakeholders to gather requirements, identify goals, create documentation, and support the development of data-driven insights and analyze current processes to determine what can be improved to achieve their desired outcome. In addition to managing our master data set and assisting …",Stakeholder Management; Documentation,2026-08-07,https://www.adzuna.in/details/5831397290?utm_medium=api&utm_source=e9841bd4,Adzuna API,2026-09-04,Pune,Maharashtra,India,2
5239552785,Business Analyst,layer tech IT solutions,"Hyderabad, Telangana",full_time,Unknown,"Layer Tech Solutions is looking for a detail-oriented Business Analyst with 1–3 years of experience to support our growing team. The ideal candidate will bridge the gap between business needs and technical solutions. Analyze business processes and identify areas for improvement Gather and document requirements from stakeholders Collaborate with cross-functional teams to develop solutions Prepare reports, dashboards, and presentations Strong analytical, problem-solving, and communication skills …",Stakeholder Management; Communication,2025-06-08,https://www.adzuna.in/details/5239552785?utm_medium=api&utm_source=e9841bd4,Adzuna API,2026-09-04,Hyderabad,Telangana,India,2
2766491353,Business Analyst,DIGITAL BRAIN MEDIA,"Lucknow, Uttar Pradesh",full_time,Unknown,BDM CUM Business Analyst Note: Notice period is immediate to 15 days’ maximum candidates can apply. Kindly read carefully Role: BDM CUM Business Analyst Work Location: LUCKNOW Experience: Minimum 2 years into the same key skills Budget: open Mode: Permanent Job description We are looking for a candidate with 2-5 years of experience in Business Analysis and IT project coordination with documentation in IT (Web development/application development / mobile apps development) along with internation…,Documentation,2021-12-25,https://www.adzuna.in/details/2766491353?utm_medium=api&utm_source=e9841bd4,Adzuna API,2026-09-04,Lucknow,Uttar Pradesh,India,1
5754832051,Business Analyst,All Generation Tech,"Hyderabad, Telangana",full_time,Unknown,"We are seeking a Business Analyst to support enterprise technology delivery engagements across multiple industry verticals. In this role, you will work closely with client stakeholders and internal delivery teams to gather and translate business requirements into clear, actionable specifications that drive successful project outcomes. Location: Hyderabad, India (Hybrid) Experience: 3-6 years Schedule: Full-time, Monday to Friday What You'll Do: Engage with client and internal stakeholders to el…",Requirements Gathering; Stakeholder Management,2026-06-07,https://www.adzuna.in/details/5754832051?utm_medium=api&utm_source=e9841bd4,Adzuna API,2026-09-04,Hyderabad,Telangana,India,2
5766551671,Business Analyst,Amukha Technologies Private Limited,"Mumbai, Maharashtra",full_time,Unknown,"Job Description & Responsibilities : We are looking for a Business Analyst who is highly skilled to join and be part of an extremely motivated and passionate team, who can: · Elicit, analyze, specify, and validate the business needs of stakeholders, be they customers or end users. · Collaborate with project sponsors to determine project scope and vision. · Perform requirements analysis. · Work with stakeholders and project team to prioritize collected requirements. · Develops and utilizes stand…",Stakeholder Management,2026-06-17,https://www.adzuna.in/details/5766551671?utm_medium=api&utm_source=e9841bd4,Adzuna API,2026-09-04,Mumbai,Maharashtra,India,1
5846909382,Business Analyst,EXL,"Noida, Ghaziabad",full_time,Unknown,"Description We are seeking an experienced Healthcare Business Analyst to bridge the gap between business stakeholders and technical teams in delivering innovative healthcare technology solutions. The ideal candidate will possess strong healthcare domain expertise, excellent analytical skills, and hands-on SQL knowledge to support data analysis, requirements validation, and reporting. This role involves gathering business requirements, analyzing healthcare workflows, supporting Agile delivery te…",SQL; Data Analysis; Requirements Gathering; Stakeholder Management; Agile,2026-08-18,https://www.adzuna.in/details/5846909382?utm_medium=api&utm_source=e9841bd4,Adzuna API,2026-09-04,Noida,Ghaziabad,India,5
5856198092,Business Analyst,QualityKiosk Technologies Private Limited,"Mumbai, Maharashtra",Not Specified,Unknown,"About the Company Be a part of the Functional team in Payments Factory, understand existing bank processes in performing payments related work through the Bank's payment eco-system. About the Role 8 to 10 years of experience in working in digital payments space as a business analyst & Testing, preferred with a deep understanding of it. Responsibilities Delivered successfully at least 3 technical projects in digital payments/banking with experience in functional backlog management and functional…",,2026-08-26,https://www.adzuna.in/details/5856198092?utm_medium=api&utm_source=e9841bd4,Adzuna API,2026-09-04,Mumbai,Maharashtra,India,0
5728328959,Business Analyst,Acura Solution,"Mumbai, Maharashtra",full_time,Unknown,"Job Description: Business Analyst having in-depth knowledge of entire banking domain including Deposits, Loans. remittances, retail and corporate banking, Payment systems, Regulatory guidelines in Banking, Good interpersonal skills , prior experience of working in Finacle/TCS Bancs or having the exposure of working in bank branches will be an added advantage, a personal who has taken an early VRS or retirement from Public or Private sector will strong knowledge of subject matter mentioned above…",,2026-05-14,https://www.adzuna.in/details/5728328959?utm_medium=api&utm_source=e9841bd4,Adzuna API,2026-09-04,Mumbai,Maharashtra,India,0
5819881302,Business Analyst,GetixHealth,"Kenchanahalli, Bangalore",full_time,Unknown,"Job Description : At GetixHealth, we believe great business decisions begin with exceptional analytics. We are looking for an experienced Business Analyst who thrives on turning complex operational and financial data into compelling visual stories that drive executive decisions and improve client outcomes. This is not solely a reporting role. This is a highly visible analytics position supporting our Client Services leadership team by identifying trends, explaining why performance is changing, …",,2026-07-29,https://www.adzuna.in/details/5819881302?utm_medium=api&utm_source=e9841bd4,Adzuna API,2026-09-04,Kenchanahalli,Bangalore,India,0
5834759206,Business Analyst,HP,India,full_time,Unknown,"Business Analyst Description - Job Scope/ Summary The primary responsibilities of the Business Analyst are to provide internal and external business critical monthly, quarterly and ad-hoc reporting for Priority Services customers. In addition, to contribute and enhance the reporting and analysis activities of the Priority Services accounts data and information as well as to the automation and improvement projects driven by the team. Job Specifics/Responsibilities: Generating and maintaining rep…",,2026-08-09,https://www.adzuna.in/details/5834759206?utm_medium=api&utm_source=e9841bd4,Adzuna API,2026-09-04,Remote / Nationwide,Pan-India,India,0
5835731356,Business Analyst,Accenture,India,full_time,Unknown,"Project Role : Business Analyst Project Role Description : Analyze an organization and design its processes and systems, assessing the business model and its integration with technology. Assess current state, identify customer requirements, and define the future state and/or business solution. Research, gather and synthesize information. Must have skills : ServiceNow Good to have skills : NA Minimum 7.5 year(s) of experience is required Educational Qualification : 15 years full time education S…",,2026-08-10,https://www.adzuna.in/details/5835731356?utm_medium=api&utm_source=e9841bd4,Adzuna API,2026-09-04,Remote / Nationwide,Pan-India,India,0
5840384422,Business Analyst,Accenture,India,full_time,Unknown,"Project Role : Business Analyst Project Role Description : Analyze an organization and design its processes and systems, assessing the business model and its integration with technology. Assess current state, identify customer requirements, and define the future state and/or business solution. Research, gather and synthesize information. Must have skills : Openlink Endur Functional Good to have skills : NA Minimum 3 year(s) of experience is required Educational Qualification : 15 years full tim…",,2026-08-13,https://www.adzuna.in/details/5840384422?utm_medium=api&utm_source=e9841bd4,Adzuna API,2026-09-04,Remote / Nationwide,Pan-India,India,0
5329695686,Business Analyst,The Syndicate Tech,"Bangalore, Karnataka",full_time,Unknown,"Role: Business Analyst Location: 100% Remote Working. Job Description: Critical thinking & value-addition: Evaluate opportunities & approach for new market entry Program management – Plan and implement the opportunities/ ideas M&A – Evaluation and advise on potential M&A opportunities Business Intelligence – Develop and track key metrics for the business Desired Skills & Experience: 2-4 years of experience in M&A and Consulting., Handson experience in M&A Transcation., Experience in Research an…",,2025-07-31,https://www.adzuna.in/details/5329695686?utm_medium=api&utm_source=e9841bd4,Adzuna API,2026-09-04,Bangalore,Karnataka,India,0
4964034326,Business Analyst,TIGI HR Solution Pvt. Ltd.,"Ahmedabad, Gujarat",full_time,Unknown,"Job Title: Junior Business Analyst with Project Coordination Experience Key Responsibilities: Analyze business processes, gather and document requirements, and provide solutions to improve efficiency. Assist in project planning, scheduling, and resource management. Coordinate project activities, timelines, and communication between teams. Support project managers in monitoring project progress, identifying risks, and ensuring project goals are met. Create and maintain project documentation, inc…",Documentation,2024-12-05,https://www.adzuna.in/details/4964034326?utm_medium=api&utm_source=e9841bd4,Adzuna API,2026-09-04,Ahmedabad,Gujarat,India,1
5829887011,Business Analyst,Great Techno Tycoon,"Indore, Madhya Pradesh",Not Specified,Unknown,"Educational Qualification: Graduate, Technical Graduate Experience: 8 Years of experience as a Business Analyst Job Description: Act as a liaison between clients and internal teams to understand business needs and requirements. Gather, analyze, and document detailed business requirements to support project objectives. Manage client relationships and ensure their requirements are accurately captured and delivered. Work in a flexible 24/7 environment to meet client and project needs. Support proc…",Requirements Gathering,2026-08-06,https://www.adzuna.in/details/5829887011?utm_medium=api&utm_source=e9841bd4,Adzuna API,2026-09-04,Indore,Madhya Pradesh,India,1
5860541645,Business Analyst,Aurionpro,"Mumbai, Maharashtra",Not Specified,Unknown,"Looking for a Business Analyst, who will be the vital link between our product teams and the wider business. You will support a cross-functional teams and development teams to help guide its growth, refine its processes, and support the team so it can build the best products and experiences for their customers. Responsibilities: Years of Exp: 2 Evaluating business processes, anticipating requirements, uncovering areas for improvement, and developing and implementing solutions Ability to partici…",,2026-08-29,https://www.adzuna.in/details/5860541645?utm_medium=api&utm_source=e9841bd4,Adzuna API,2026-09-04,Mumbai,Maharashtra,India,0
3064219213,Business Analyst,Natalie Consultants,India,full_time,Unknown,"Ø At least 3years of work experience in Business Analyst role in any reputed Information Technology company. Ø 2 years of experience in Insurance domain. Knowledge about complete Insurance value chain i.e. Submission, Quotes, Policy Bound, Policy Administration, Claims, Billing and Reinsurance. Ø Strong documentation skills on feature understanding, tracking of items, maintaining RTM, FSD, Change requests documents, back log/ query log and Share-point folder maintenance for all updates. Ø Well …",Documentation,2022-04-20,https://www.adzuna.in/details/3064219213?utm_medium=api&utm_source=e9841bd4,Adzuna API,2026-09-04,Remote / Nationwide,Pan-India,India,1
5821860803,Business Analyst,Whatfix,"Ahmedabad, Gujarat",Not Specified,Unknown,"Key Responsibilities: Gather, analyze, and document business requirements. Collaborate with development, QA, and design teams to ensure alignment. Create wireframes, process flows, and user stories. Manage project timelines, dependencies, and risks. Conduct UAT, document findings, and suggest improvements. Required Skills Qualifications: Bachelor/Masterin IT, or related field. 2 years as a BA/Project Coordinator in a product-based environment . Strong knowledge of Data Science, Machine Learning…",Requirements Gathering,2026-07-31,https://www.adzuna.in/details/5821860803?utm_medium=api&utm_source=e9841bd4,Adzuna API,2026-09-04,Ahmedabad,Gujarat,India,1
5042641487,Business Analyst,Affine,"Bangalore, Karnataka",full_time,Unknown,"We are looking for a detail-oriented Business Analyst with expertise in Tableau, statistics, SQL, and Excel. The role involves data analysis, creating interactive dashboards, and providing actionable insights to support business decisions and improve operations. Key Responsibilities: Data Analysis & Visualization : Use Tableau for dashboards and conduct statistical analysis. SQL & Data Management : Write and optimize SQL queries, ensure data accuracy. Reporting : Develop Excel spreadsheets, ana…",SQL; Excel; Statistics; Data Analysis; Tableau,2025-02-08,https://www.adzuna.in/details/5042641487?utm_medium=api&utm_source=e9841bd4,Adzuna API,2026-09-04,Bangalore,Karnataka,India,5
2330850843,Business Analyst,Recruiting India,"Chennai, Tamil Nadu",full_time,Unknown,"Business Analyst Job Sector : IT , Software Job Type : Permanent Location : Chennai Experience : 8 -10 Years Salary : 12 – 14 LPA Education : Any Graduate with relevant experience Notice Period : Immediate or max 30days NP Key Skills : Business Analysis, Requirement gathering CV submission closing date : 15/07/2021 Contact at triple eight two zero nine four two double seven Required Skills: Strong BA with presentation skills US Customer Engagement experience Self-driven – should be able to inde…",Presentation,2021-07-20,https://www.adzuna.in/details/2330850843?utm_medium=api&utm_source=e9841bd4,Adzuna API,2026-09-04,Chennai,Tamil Nadu,India,1
5211779262,Business Analyst,Wissen Technology,"Bangalore, Karnataka",full_time,Unknown,"JD Prior experience of about 6-10years 1 - Must have fair understanding of products like future, forward, options(call and put), bonds, swaps etc 2 - Must have fair understanding of mutual funds and NAV 3 - Should have good communication skill. 4 - Basic SQL 5 - Business analyst experience and should know about BRD. 6 - Good to have Knowledge of risk management in general. Responsibilities: Candidate will have to perform data analysis. Candidate will have to speak with different risk engine tea…",SQL; Data Analysis; Requirements Gathering; Communication,2025-05-23,https://www.adzuna.in/details/5211779262?utm_medium=api&utm_source=e9841bd4,Adzuna API,2026-09-04,Bangalore,Karnataka,India,4
3032213576,Business Analyst,Unnati,"Pune, Maharashtra",full_time,Unknown,"Become part of a global AI / ML team looking for smart, motivated and dedicated professionals ready to exploit technological possibilities. Our client is a Europe headquartered AI-Powered process automation pioneer, which is using its intelligent solutions to help organizations handle their documentation, email and chat processes. They have created digital employees or bots, which can be delegated to act as modules to quickly handle repetitive tasks and simplifying these functions. Such automat…",Documentation,2022-04-07,https://www.adzuna.in/details/3032213576?utm_medium=api&utm_source=e9841bd4,Adzuna API,2026-09-04,Pune,Maharashtra,India,1
2048958856,Business Analyst.,Andesoft Consulting,"Mumbai, Maharashtra",full_time,Unknown,"Role: Business Analyst. Job type: Full time Role type: Technical/Operations. Location: Mumbai Functional Area: Web and app development specializing in CRM and Sales Force Automation IT solutions. About the role: We are looking for a Business Analyst who will be responsible of complete development cycle of the project and maintenance. He/ She will be involved in performing detailed requirements analysis, documenting processes, knowledge transfer, and performing user acceptance testing. You will …",,2021-03-13,https://www.adzuna.in/details/2048958856?utm_medium=api&utm_source=e9841bd4,Adzuna API,2026-09-04,Mumbai,Maharashtra,India,0
3048034030,Business Analyst,GreedyGame,"Bangalore, Karnataka",full_time,Unknown,"About Us: GreedyGame is looking for a Business Analyst to join its clan. We are looking to get an enthusiastic Business Analyst who likes to play with Data. You'll be building insights from Data, creating analytical dashboard and monitoring KPI values. Also you will coordinate with teams working on different layers of the infrastructure. Job details: Seniority Level: Associate Level Industry: Marketing & Advertising Employment Type: Full Time Job Location: Bangalore Experience: 1-2 years WHAT A…",,2022-04-13,https://www.adzuna.in/details/3048034030?utm_medium=api&utm_source=e9841bd4,Adzuna API,2026-09-04,Bangalore,Karnataka,India,0
5870527270,Data Analyst,LuLu Group India,India,Not Specified,Unknown,"We’re Hiring | Data Analyst – Power BI Lulu Group India is looking for an experienced Data Analyst to join our team and drive data-led decision-making across the retail business. Location: Kochi, Kerala (Work from Office Only) Experience: 2–5 Years Qualification: Bachelor’s degree in business, Analytics, Computer Science, or a related field Immediate Joiners Preferred Key Responsibilities • Own the design and development of CXO-level Power BI dashboards for the retail business. • Develop advan…",Power BI,2026-09-04,https://www.adzuna.in/land/ad/5870527270?se=5P5mJnGo8RGogquEo3zAlQ&utm_medium=api&utm_source=e9841bd4&v=8C99D770F2EDA53164118D26208F2650D098AB11,Adzuna API,2026-09-04,Remote / Nationwide,Pan-India,India,1
5867038166,Data Analyst,Edwagon,"Bangalore, Karnataka",full_time,Unknown,"Company Description Edwagon is a growing organization focused on using data-driven insights to improve decision-making and business performance. The company values analytical thinking, collaboration, and continuous learning, and encourages team members to explore innovative approaches to solving complex problems. Edwagon offers opportunities to work with diverse datasets, modern tools, and cross-functional teams. Professionals joining Edwagon can expect a supportive environment that recognizes …",,2026-09-02,https://www.adzuna.in/land/ad/5867038166?se=5P5mJnGo8RGogquEo3zAlQ&utm_medium=api&utm_source=e9841bd4&v=005005A5CE08BEDFAA80C211793EB9110F5A4178,Adzuna API,2026-09-04,Bangalore,Karnataka,India,0
5864442719,Data Analyst,HCLTech,"Hyderabad, Telangana",Not Specified,Unknown,"HACKATHON - 29th Aug 26 - Planning for 2 skills GCP Data engineer - 11 positions , Band E - 8 yrs Data Analyst - 17, Band E - 8 yrs Location : Chennai/ Hyderabad/Bangalore Data analyst - JD Advanced SQL (BigQuery ideally) for querying and data manipulation Data quality checks, validation and reconciliation Working knowledge of data warehouse / lake concepts would be a bonus. GCP Data Engineer - JD Big query, DBT, pyspark Interview Process : Hacker-rank (coding test) - weekdays if possible Hacka…",SQL,2026-09-01,https://www.adzuna.in/land/ad/5864442719?se=5P5mJnGo8RGogquEo3zAlQ&utm_medium=api&utm_source=e9841bd4&v=3FCC8C06CFA5A3AB39F7A580208FCEDAE0EE2459,Adzuna API,2026-09-04,Hyderabad,Telangana,India,1
5864442622,Data Analyst,Quilytics,"Mumbai, Maharashtra",full_time,Unknown,"Company Description Quilytics is a quality-first data and analytics firm that helps organizations worldwide transform raw data into reliable, decision-ready insights. The company provides tailored consulting and implementation across marketing, sales, spend and procurement, logistics, HR, and other business functions. Quilytics follows a disciplined, outcome-driven process that prioritizes data privacy, explanability, and measurable impact from discovery through monitoring. Its services span da…",,2026-09-01,https://www.adzuna.in/land/ad/5864442622?se=5P5mJnGo8RGogquEo3zAlQ&utm_medium=api&utm_source=e9841bd4&v=FAC4F9D748D35FF6FBA15111BB5587BB1FD6D896,Adzuna API,2026-09-04,Mumbai,Maharashtra,India,0
5868794225,Data Analyst,Indofast Energy,India,Not Specified,Unknown,"About the Role : We are looking for a highly analytical and detail-oriented Data Analyst to join our Business Development Team. The ideal candidate should have strong skills in data handling, statistical analysis, and visualization tools, along with the ability to translate data into meaningful insights. Key Responsibilities : Data Analysis : - Collect, clean, and validate large datasets from multiple sources - Analyze data to identify trends, patterns, and actionable insights - Develop and mai…",Statistics; Data Analysis,2026-09-03,https://www.adzuna.in/land/ad/5868794225?se=5P5mJnGo8RGogquEo3zAlQ&utm_medium=api&utm_source=e9841bd4&v=D8BC56B9CB11BA0D9B5FFCBCF89C96BD2DFA3D7D,Adzuna API,2026-09-04,Remote / Nationwide,Pan-India,India,2
5868794860,Data Analyst,Tata Consultancy Services,India,Not Specified,Unknown,"Greetings from TATA CONSULTANCY SERVICES! WALK-IN-DRIVE ""Data Analyst-Power BI, SQL, Statistical skill "" Interview Date: 5th September 2026 Years of Experience: 5 - 10 years Location: Gurugram Job Description:- Must Have: Data Analytics Visualization through Power BI Power Automate Advanced Excel VBA skills",SQL; Excel; Data Analysis; Power BI,2026-09-03,https://www.adzuna.in/land/ad/5868794860?se=5P5mJnGo8RGogquEo3zAlQ&utm_medium=api&utm_source=e9841bd4&v=9638D7B9893CA5D8E0AA88431A5B49AE430126DB,Adzuna API,2026-09-04,Remote / Nationwide,Pan-India,India,4
5864432449,Data Analyst,EXL,"Chennai, Tamil Nadu",Not Specified,Unknown,"Bachelor’s degree with minimum 6 years’ experience as Data Analyst ● Highly numerate and passionate about data and analytics ● Excellent analytical and problem-solving skills, with knowledge of SQL & Data Visualization best practices. ● Self-starter with ability to work on own initiative and strong attention to detail, completing tasks to a very high degree of accuracy. ● Strong communication and presentation skills, able to evidence proven ability engage with senior stakeholders and influence …",SQL; Stakeholder Management; Presentation,2026-09-01,https://www.adzuna.in/land/ad/5864432449?se=5P5mJnGo8RGogquEo3zAlQ&utm_medium=api&utm_source=e9841bd4&v=0464D1D46052005EBAED171BB113CF1C11F71B8A,Adzuna API,2026-09-04,Chennai,Tamil Nadu,India,3
5864427756,Data Analyst,Mastek,"Noida, Ghaziabad",Not Specified,Unknown,"Experience: 2–6 years Core Skills: Good SQL ( mandatory ), Python (good to have), Tableau or Power BI (good to have) Key Competencies: Strong hands-on experience in ETL, data cleaning, and data analysis Experience in creating and automating data workflows to support end-user use cases We would prefer candidates with a strong Data Analyst / Analytics background and would like to avoid profiles that are primarily focused on Data Engineering with PySpark, Databricks, Spark, etc.",SQL; Python; Data Analysis; Power BI; Tableau,2026-09-01,https://www.adzuna.in/land/ad/5864427756?se=5P5mJnGo8RGogquEo3zAlQ&utm_medium=api&utm_source=e9841bd4&v=AEA628F23277BB549AA88D2B32E11A5A05E1DA74,Adzuna API,2026-09-04,Noida,Ghaziabad,India,5
5864425207,Data Analyst,StoryTV App,"Bangalore, Karnataka",Not Specified,Unknown,"About Eloelo Group Eloelo Group is one of India's fastest-growing consumer technology companies, building category-defining products at the intersection of content, technology, and culture. The Group's flagship products — Story TV in micro-drama and Master in micro-learning — have together placed two Eloelo apps in India's Top 10, reaching over 100 million Indians who consume short-form vertical content every day. Story TV is India's leading micro-drama platform, with 10M users and 500 original…",,2026-09-01,https://www.adzuna.in/land/ad/5864425207?se=5P5mJnGo8RGogquEo3zAlQ&utm_medium=api&utm_source=e9841bd4&v=3C35BB0258AA094C6A6338FF522F523FA7E988A4,Adzuna API,2026-09-04,Bangalore,Karnataka,India,0
5864426421,Data Analyst,WhiteLotus Talent Partners,"Hyderabad, Telangana",full_time,Unknown,Job Title- Data Analyst Location- Bangalore / Hyderabad Mode- Onsite Job Type: Full-Time Must have Skill: Python scripts Domain Insurance Required Skills & Experience • Good hands-on experience to create Python scripts for data frames and data analysis • Proven ability to analyze large datasets and identify data quality or consistency issues • Experience working directly with business users and translating business questions into requirements • Excellent communication skills (verbal and written…,Python; Data Analysis; Communication,2026-09-01,https://www.adzuna.in/land/ad/5864426421?se=5P5mJnGo8RGogquEo3zAlQ&utm_medium=api&utm_source=e9841bd4&v=D1EB104E72A21E3DF692D8A7FE49CD9CD823CCFA,Adzuna API,2026-09-04,Hyderabad,Telangana,India,3
5864437490,Data Analyst,Netraon,India,full_time,Unknown,"Company Description Netraon is a customer intelligence and market research company that helps organizations stay closely aligned with evolving customer needs. By transforming feedback, behavior data, and market signals into clear, actionable insights, Netraon enables businesses to respond more effectively to customer expectations. The company supports clients in understanding what customers truly want, tracking how competitors are evolving, and adapting quickly to market changes. In a constantl…",,2026-09-01,https://www.adzuna.in/land/ad/5864437490?se=5P5mJnGo8RGogquEo3zAlQ&utm_medium=api&utm_source=e9841bd4&v=3E622A2D205FA0432C74A65E8F26740A3690770E,Adzuna API,2026-09-04,Remote / Nationwide,Pan-India,India,0
5864431866,Data Analyst,AGOS Aviation,"Mumbai, Maharashtra",full_time,Unknown,"Hiring: Enterprise Data Analyst Location: Mumbai (Andher East) Experience: Open Employment Type: Full-Time About the Role We are looking for a highly analytical and tech-savvy Enterprise Data Analyst to transform data into actionable business insights. The ideal candidate will have experience in data analytics, business intelligence, AI-enabled solutions, and dashboard development, with a passion for solving business problems through data. Key Responsibilities Develop and maintain interactive d…",Data Analysis,2026-09-01,https://www.adzuna.in/land/ad/5864431866?se=5P5mJnGo8RGogquEo3zAlQ&utm_medium=api&utm_source=e9841bd4&v=271C67E754E0184CB68BA0EA8B440D24E173CFC0,Adzuna API,2026-09-04,Mumbai,Maharashtra,India,1
5867036037,Data Analyst,Daice Labs,India,full_time,Unknown,"Job Title: Data Analyst Location: India (Remote) Employment Type: Full-time About Daice Labs Daice Labs is an AI research and product company founded by MIT CSAIL scientists, headquartered in Brookline, MA. The company develops hybrid AI systems that integrate neurosymbolic methods with machine learning to build auditable, adaptive, and governable AI. Daice Labs operates two integrated divisions: a research lab focused on hybrid AI architectures, and Cofabric, a governed AI execution platform f…",,2026-09-02,https://www.adzuna.in/land/ad/5867036037?se=5P5mJnGo8RGogquEo3zAlQ&utm_medium=api&utm_source=e9841bd4&v=3373786259D5227E399A77A714E583AB630777FD,Adzuna API,2026-09-04,Remote / Nationwide,Pan-India,India,0
5867036109,Data Analyst,Pharmanovia,"Mumbai, Maharashtra",Not Specified,Unknown,"Pharmanovia is a dynamic, fast-growing international pharmaceutical company with a portfolio of over 20 brands across more than 160 markets. Our mission is to improve patient health globally through the revitalisation of niche, tried-and-trusted medicines. Our core behaviours are: We act decisively but we never compromise on quality. We keep our promises and do as we say. We value our heritage and foster an entrepreneurial spirit. We reinvest in our future – in our products, our brands and our …",,2026-09-02,https://www.adzuna.in/land/ad/5867036109?se=5P5mJnGo8RGogquEo3zAlQ&utm_medium=api&utm_source=e9841bd4&v=3137DF9B503952DFDC32B05C57551147401959BD,Adzuna API,2026-09-04,Mumbai,Maharashtra,India,0
5864436500,Data Analyst,MS CLINICAL RESEARCH,"Bangalore, Karnataka",full_time,Unknown,"Job Title : Data Analyst (Statistician) Location : Indiranagar, Bangalore Job Type : Full-time Experience : 2-4 years Job Overview We are looking for a skilled Data Management Specialist to support data validation, analysis, and reporting for clinical and preclinical studies. The role involves ensuring data accuracy, resolving discrepancies, and generating insights to support research objectives. Ideal candidates will be detail-oriented, collaborative, and experienced in data handling and compl…",,2026-09-01,https://www.adzuna.in/land/ad/5864436500?se=5P5mJnGo8RGogquEo3zAlQ&utm_medium=api&utm_source=e9841bd4&v=122F8311D1C4B66536CD2B390A4E3799EDEF9EBD,Adzuna API,2026-09-04,Bangalore,Karnataka,India,0
5864431843,Data Analyst,Arcana,"Coimbatore, Tamil Nadu",Not Specified,Unknown,"About Arcana Arcana is a portfolio intelligence platform used by hedge funds and asset managers to analyze performance and risk. We’re rethinking the tools institutional investors rely on—and we’re hiring analysts who want to help drive that transformation. Role Overview We are looking for a Data Analyst to work with large-scale financial datasets, ensure high data quality, and deliver actionable insights through dashboards and reports. The role focuses on building and maintaining robust data q…",,2026-09-01,https://www.adzuna.in/land/ad/5864431843?se=5P5mJnGo8RGogquEo3zAlQ&utm_medium=api&utm_source=e9841bd4&v=9079E47BDD32D4548142621A352516C249E4F2F6,Adzuna API,2026-09-04,Coimbatore,Tamil Nadu,India,0
5864437276,Data Analyst,Navneet Education Limited,"Mumbai, Maharashtra",Not Specified,Unknown,"Position Title : Data Analyst Experience Required : Overall Experience 4-7 years Minimum 2-3 years of hands-on experience in BI/dashboarding tools (Power BI, Looker Studio, or equivalent) Experience working with ERP/CRM data (SAP SD/MM or equivalent) strongly preferred Role Summary The Data Analyst will be responsible for translating the Group’s data - spanning customer/stakeholder data (Teachers, Schools, Retailers, Distributors, Vendors, Partners) and factory operations data (production, disp…",Power BI; Looker,2026-09-01,https://www.adzuna.in/land/ad/5864437276?se=5P5mJnGo8RGogquEo3zAlQ&utm_medium=api&utm_source=e9841bd4&v=CBFD3B418F4F5047CE2C86024B62EAF2B43A67C6,Adzuna API,2026-09-04,Mumbai,Maharashtra,India,2
5868791758,Data Analyst,EaseMyTrip.com,India,Not Specified,Unknown,"About the Role As a Data Analyst at EaseMyTrip.com, you will be crucial in analyzing travel data to drive business insights and decisions. Your role involves harnessing large sets of data to identify trends, forecast demand, and optimize our services to enhance customer satisfaction. You will collaborate closely with various departments, including marketing, sales, and customer service, to support our mission of delivering exceptional travel experiences. This position is key to driving data-dri…",,2026-09-03,https://www.adzuna.in/land/ad/5868791758?se=5P5mJnGo8RGogquEo3zAlQ&utm_medium=api&utm_source=e9841bd4&v=195849E2D4E99C9FB14549118D0AFC947CC7F169,Adzuna API,2026-09-04,Remote / Nationwide,Pan-India,India,0
5868903776,Data Analyst,She Starts,India,Not Specified,Unknown,"Job Overview She Starts is hiring a Data Analyst for a remote role. The selected candidate will be responsible for collecting, organising, analysing and interpreting data to support informed business decisions and operational requirements. The role requires strong analytical thinking, attention to detail and the ability to work with data in a structured and accurate manner. The successful candidate should be comfortable identifying patterns, preparing reports and communicating relevant findings…",,2026-09-03,https://www.adzuna.in/land/ad/5868903776?se=5P5mJnGo8RGogquEo3zAlQ&utm_medium=api&utm_source=e9841bd4&v=EDDD54BC4A1313B0DF766B0626EC0B07E4A285C9,Adzuna API,2026-09-04,Remote / Nationwide,Pan-India,India,0
5864594008,Data Analyst,ShrinQ Consulting Group Inc,India,Not Specified,Unknown,"The ideal candidate will use their passion for big data and analytics to provide insights to the business covering a range of topics. They will be responsible for conducting both recurring and ad hoc analysis for business users. Responsibilities Understand the day-to-day issues that our business faces, which can be better understood with data Compile and analyze data related to business' issues Develop clear visualizations to convey complicated data in a straightforward fashion Qualifications B…",,2026-09-01,https://www.adzuna.in/land/ad/5864594008?se=5P5mJnGo8RGogquEo3zAlQ&utm_medium=api&utm_source=e9841bd4&v=A22A9E203B06862C3A5E66E8F0D1C904BECAC838,Adzuna API,2026-09-04,Remote / Nationwide,Pan-India,India,0
5867036118,Data Analyst,Mobily Infotech,India,Not Specified,Unknown,"Job Purpose To support the design, calculation, validation, control, and payment of sales incentives, commissions, and performance-based rewards across Consumer Sales channels. The role is responsible for KPI monitoring, commission accuracy, scheme compliance, reporting, financial controls, and coordination with stakeholders to ensure timely and accurate incentive processing. Experience 2-5 years of experience in sales operations, incentive management, commission administration, finance, or per…",Stakeholder Management,2026-09-02,https://www.adzuna.in/land/ad/5867036118?se=5P5mJnGo8RGogquEo3zAlQ&utm_medium=api&utm_source=e9841bd4&v=E3CE73797177587B6E8B13A271CB9FF87FE7917E,Adzuna API,2026-09-04,Remote / Nationwide,Pan-India,India,1
5864437013,Data Analyst,Midtown Software,"Chandigarh, India",Not Specified,Unknown,"The ideal candidate will use their passion for big data and analytics to provide insights to the business covering a range of topics. The main field of Analysis will be the data on NatGasHub.com and the Energy Industry of the US and Canada. Timings-9:00 am to 6:00 pm Direct exposure to working with U.S. and Canadian clients. Responsibilities Understand the day-to-day issues that our business faces, which can be better understood with data Coordinate with the team to complete tasks Making sure t…",,2026-09-01,https://www.adzuna.in/land/ad/5864437013?se=5P5mJnGo8RGogquEo3zAlQ&utm_medium=api&utm_source=e9841bd4&v=73B93ADD4FC40B21FE02ED63887439AAE12218B7,Adzuna API,2026-09-04,Chandigarh,India,India,0
5864431665,Data Analyst,Mastek,"Noida, Ghaziabad",Not Specified,Unknown,Key Responsibilities Customization and configuration of solutions/platforms Data Integration activities Implementation and deployment support Data Validation and quality checks Dashboard development and reporting Mandatory Skills Strong SQL proficiency Good reading and comprehension skills Experience in Data Integration and ETL processes Strong written communication skills Preferred Experience US Healthcare domain experience is preferred Candidates from other domains may also be considered if t…,SQL; Communication,2026-09-01,https://www.adzuna.in/land/ad/5864431665?se=5P5mJnGo8RGogquEo3zAlQ&utm_medium=api&utm_source=e9841bd4&v=8443AA337205F064EB326A1AFEC1954D0DE0BC97,Adzuna API,2026-09-04,Noida,Ghaziabad,India,2
5867263471,Data Analyst,WNS,India,Not Specified,Unknown,"7 years of experience as a Data Engineer with expertise in data processing, analytics, and cloud platforms. Analyze and process large structured datasets using SQL, Python, Pandas, and PySpark. Build, optimize, and maintain data transformation pipelines for analysis-ready datasets. Perform data cleansing, validation, and quality checks using regular expressions and other data validation techniques. Develop and optimize analytical and reporting queries using Google BigQuery. Integrate external d…",SQL; Python,2026-09-02,https://www.adzuna.in/land/ad/5867263471?se=5P5mJnGo8RGogquEo3zAlQ&utm_medium=api&utm_source=e9841bd4&v=01E5C1773DC909B07722EA481E717B0D2A70D56E,Adzuna API,2026-09-04,Remote / Nationwide,Pan-India,India,2
5864426729,Data Analyst,Straive,India,Not Specified,Unknown,"Job Description: This is an individual-contributor role within the Content Strategy team in Norstella Content Operations, reporting to the Director, Analytics & Insights (Clinical RWD/RWE Solutions). It is a hands-on technical role that turns approved clinical specifications and business rules into robust, scalable, production-grade RWD pipelines and analytical outputs. Clinical qualification is not required; deep technical fluency in real-world data engineering and analytics is. The role is UK…",,2026-09-01,https://www.adzuna.in/land/ad/5864426729?se=5P5mJnGo8RGogquEo3zAlQ&utm_medium=api&utm_source=e9841bd4&v=C6F1BE98A288A8DBD74C8E1837C497C0ABD895E0,Adzuna API,2026-09-04,Remote / Nationwide,Pan-India,India,0
5864422728,Data Analyst / Data Engineer,DocOnline,"Hyderabad, Telangana",full_time,Unknown,"Job Title: Data Analyst/ Data Engineer Location: Hyderabad Position Type: Full-time Job Overview: Database engineer with experience in Database management, Data analytics, good knowledge in writing queries to extract the data, automate the report generation through reporting tools. Key Responsibilities: Plan and define the overall data analytics architecture Establish data governance to ensure data quality & security Design end-to-end analytics solutions including Data ingestion, Data storage, …",Data Analysis,2026-09-01,https://www.adzuna.in/land/ad/5864422728?se=5P5mJnGo8RGogquEo3zAlQ&utm_medium=api&utm_source=e9841bd4&v=C3B2D30A1D195D2D241A350ED5C97C99E92E9015,Adzuna API,2026-09-04,Hyderabad,Telangana,India,1
5868789197,Data Analyst Trainer,Techchampp technologies,"Vijayawada, Krishna",Not Specified,Unknown,"WE’RE HIRING | DATA ANALYST TRAINER We are looking for an experienced and passionate Data Analyst Trainer to join our team in Vijayawada . Experience: More than 5 years Position: Data Analyst Trainer Location: Vijayawada Joining: Immediate What We’re Looking For: ✅ 5 years of experience in Data Analytics ✅ Strong expertise in Excel, SQL, Power BI/Tableau ✅ Knowledge of Data Cleaning, Transformation & Statistical Analysis ✅ Excellent communication and presentation skills ✅ Strong training…",SQL; Excel; Statistics; Data Analysis; Power BI; Tableau; Presentation,2026-09-03,https://www.adzuna.in/land/ad/5868789197?se=5P5mJnGo8RGogquEo3zAlQ&utm_medium=api&utm_source=e9841bd4&v=E9AC984BF05B496E5223BFC8D79B900D607738A6,Adzuna API,2026-09-04,Vijayawada,Krishna,India,7
5864432403,BI Data Analyst,Sutherland,India,Not Specified,Unknown,"Sr. BI & Data Analyst Job Summary As a Senior BI & Data Analyst , you’ll be a key driver of insight and innovation within our Enterprise Data and Analytics team. We’re looking for a curious, detail-oriented professional who thrives on turning complex scientific and operational data into clear, actionable intelligence. In this role, you’ll lead the development of analytical solutions that illuminate critical KPIs, uncover performance trends, and support strategic decision-making across the busin…",,2026-09-01,https://www.adzuna.in/land/ad/5864432403?se=5P5mJnGo8RGogquEo3zAlQ&utm_medium=api&utm_source=e9841bd4&v=583926D777B5E7FE0CB6FCE541002960AEF8CA52,Adzuna API,2026-09-04,Remote / Nationwide,Pan-India,India,0
5837139892,Senior Data Analyst,Capco,India,full_time,Unknown,"This job is with Capco, an inclusive employer and a member of myGwork – the largest global platform for the LGBTQ business community. Please do not contact the recruiter directly. Job Title: Data Analyst (Python Pyspark) About Us “Capco, a Wipro company, is a global technology and management consulting firm. Awarded with Consultancy of the year in the British Bank Award and has been ranked Top 100 Best Companies for Women in India 2022 by Avtar & Seramount . With our presence across 32 cities a…",Python,2026-08-12,https://www.adzuna.in/land/ad/5837139892?se=5P5mJnGo8RGogquEo3zAlQ&utm_medium=api&utm_source=e9841bd4&v=4787DEB72117F1E1AE98E353D8AD9B20E9DD6C9B,Adzuna API,2026-09-04,Remote / Nationwide,Pan-India,India,1
5867037378,Lead Data Analyst,Nexus Corporation,India,Not Specified,Unknown,"To begin with this role will be a 1 year contract. We are looking for an experienced Data Analyst Lead to drive data analysis initiatives, generate actionable insights, and support business decision-making. The ideal candidate should have strong analytical skills, experience working with large datasets, and the ability to lead a team of analysts. The role involves data modeling, reporting, dashboard development, stakeholder management, and ensuring data quality across projects. Key Responsibili…",Data Analysis; Stakeholder Management,2026-09-02,https://www.adzuna.in/land/ad/5867037378?se=5P5mJnGo8RGogquEo3zAlQ&utm_medium=api&utm_source=e9841bd4&v=D38BC373E82768E501803326FB67E87EAEDD75B7,Adzuna API,2026-09-04,Remote / Nationwide,Pan-India,India,2
5867264943,Lead Data Analyst,Airtel Digital,India,Not Specified,Unknown,"Lead Data Analyst/Senior Manager Airtel is a leading telecom provider with over 400 million subscribers . As a data-driven organization , we process 2 trillion events daily and store 100 PB of data , enabling smarter business decisions. With growing data demands and evolving use cases, we need faster, scalable decision-making powered by analytics and AI. About the role: As a Lead Data Analyst at Airtel, you will play a pivotal role in driving data-backed decision-making by providing actionable …",,2026-09-02,https://www.adzuna.in/land/ad/5867264943?se=5P5mJnGo8RGogquEo3zAlQ&utm_medium=api&utm_source=e9841bd4&v=4DD1362EF4B47AB171C4E675A2DEFDCBE27DCCC5,Adzuna API,2026-09-04,Remote / Nationwide,Pan-India,India,0
5864426328,Senior Data Analyst,Epsilon,"Bangalore, Karnataka",Not Specified,Unknown,"Senior Data Analyst Data Analytics Overview About Business Unit: Powerful predictors of the future - our Analytics team seamlessly blends data science and business intelligence to provide unparalleled foresight for our platform offerings. They turn insights into actionable results for our clients by collaborating with senior team members and staying ahead of market trends, powered by our data assets. By using new-age analytic tools and emerging technologies, the team cultivates a dynamic learni…",Data Analysis,2026-09-01,https://www.adzuna.in/land/ad/5864426328?se=5P5mJnGo8RGogquEo3zAlQ&utm_medium=api&utm_source=e9841bd4&v=D5165DAA2EE49F3BC50281F72D56B81CB9E01104,Adzuna API,2026-09-04,Bangalore,Karnataka,India,1
5865065103,Senior Data Analyst,Morningstar,"Mumbai, Maharashtra",full_time,Unknown,"This job is with Morningstar, an inclusive employer and a member of myGwork – the largest global platform for the LGBTQ business community. Please do not contact the recruiter directly. Senior Data Analyst, Structured Finance (Mumbai) About Us: Morningstar DBRS is a leading provider of independent rating services and opinions for corporate and sovereign entities, financial institutions, and structured finance instruments globally. Currently with 700 employees in eight offices globally. Formed t…",,2026-09-01,https://www.adzuna.in/land/ad/5865065103?se=5P5mJnGo8RGogquEo3zAlQ&utm_medium=api&utm_source=e9841bd4&v=6EDB9CBD25D892F385B6115204618EB576FFC367,Adzuna API,2026-09-04,Mumbai,Maharashtra,India,0
5867263586,Senior Data Analyst,EXL,India,Not Specified,Unknown,"Senior Data Engineer – GCP | BigQuery | SQL Overview : We are seeking an experienced Senior Data Analyst to support a high-impact client engagement focused on enhancing enterprise data and reporting capabilities. The role will work closely with business and technical stakeholders to enhance data pipelines, and enable actionable insights through scalable data models and visualisations. The ideal candidate will have strong expertise in BigQuery, alongside advanced SQL and dashboarding experience …",SQL; Stakeholder Management,2026-09-02,https://www.adzuna.in/land/ad/5867263586?se=5P5mJnGo8RGogquEo3zAlQ&utm_medium=api&utm_source=e9841bd4&v=2172CD81B9687F5EF4FC69F0E4DC5D36DDA741EB,Adzuna API,2026-09-04,Remote / Nationwide,Pan-India,India,2
5869558747,Senior Data Analyst,Appnext,India,Not Specified,Unknown,"Appnext offers end-to-end discovery solutions covering all the touchpoints users have with their devices. Thanks to Appnext’s direct partnerships with top OEM brands and carriers, user engagement is achieved from the moment they personalize their device for the first time and throughout their daily mobile journey. Appnext ‘Timeline’, a patented behavioral analytics technology, is uniquely capable of predicting the apps users are likely to need next. This innovative solution means app developers…",,2026-09-04,https://www.adzuna.in/land/ad/5869558747?se=5P5mJnGo8RGogquEo3zAlQ&utm_medium=api&utm_source=e9841bd4&v=3352B4DFBDDA52719339EB77C5376BE508B7BBEF,Adzuna API,2026-09-04,Remote / Nationwide,Pan-India,India,0
5864436751,Lead Data Analyst,Dyson,"Bangalore, Karnataka",Not Specified,Unknown,"Job Description Role Overview As Lead Business Data Analyst, you will drive data analysis, engineering, and advanced analytics initiatives. You will collaborate with Data Product Managers, Data Owners, and global cross-functional teams to deliver impactful business outcomes. This role balances hands-on analytics, AI innovation, stakeholder engagement, and continuous process improvement. Key Responsibilities Lead complex data analysis, modeling, and visualization activities to extract actionable…",Data Analysis; Stakeholder Management,2026-09-01,https://www.adzuna.in/land/ad/5864436751?se=5P5mJnGo8RGogquEo3zAlQ&utm_medium=api&utm_source=e9841bd4&v=EFB2316EED14F05CADFBEBED6C20C00C4C82BA72,Adzuna API,2026-09-04,Bangalore,Karnataka,India,2
5864436299,Growth & Data Analyst,Lascade,"Kochi, Ernakulam",Not Specified,Unknown,"Lascade is looking for a highly analytical Growth & Data Analyst to help us make smarter business decisions through data. You’ll work across our software products, marketing campaigns, websites, and mobile applications to understand user behaviour, identify growth opportunities, improve conversions, and optimize business performance. If you enjoy solving problems using data and turning numbers into actionable insights, we’d love to hear from you. What You’ll Do • Analyze user behaviour across w…",,2026-09-01,https://www.adzuna.in/land/ad/5864436299?se=5P5mJnGo8RGogquEo3zAlQ&utm_medium=api&utm_source=e9841bd4&v=F97568F44B3C95F4CD550E5A3E9B0DB3C4D83D6A,Adzuna API,2026-09-04,Kochi,Ernakulam,India,0
5864437239,Senior Data Analyst,Walmart Global Tech India,"Chennai, Tamil Nadu",Not Specified,Unknown,"Location: Chennai, Bangalore About Global Tech. Imagine working in an environment where one line of code can make life easier for hundreds of millions of people and put a smile on their face. That’s what we do at Walmart Global Tech. We’re a team of 15,000 software engineers, data scientists and service professionals within Walmart, the world’s largest retailer, delivering innovations that improve how our customers shop and empower our 2.3 million associates. To others, innovation looks like an…",,2026-09-01,https://www.adzuna.in/land/ad/5864437239?se=5P5mJnGo8RGogquEo3zAlQ&utm_medium=api&utm_source=e9841bd4&v=E8CB5C1656F374F9014471506295894CECB88560,Adzuna API,2026-09-04,Chennai,Tamil Nadu,India,0
5864435853,Senior Data Analyst,Chubb,"Hyderabad, Telangana",full_time,Unknown,"About Chubb Chubb is a world leader in insurance. With operations in 54 countries and territories, Chubb provides commercial and personal property and casualty insurance, personal accident and supplemental health insurance, reinsurance and life insurance to a diverse group of clients. The company is defined by its extensive product and service offerings, broad distribution capabilities, exceptional financial strength and local operations globally. Parent company Chubb Limited is listed on the N…",,2026-09-01,https://www.adzuna.in/land/ad/5864435853?se=5P5mJnGo8RGogquEo3zAlQ&utm_medium=api&utm_source=e9841bd4&v=DA1D1657194496199E2F9F84028D536FC9094189,Adzuna API,2026-09-04,Hyderabad,Telangana,India,0
5855007053,Data Analyst / Engineer,Kyndryl,"Bangalore, Karnataka",full_time,Unknown,"This job is with Kyndryl, an inclusive employer and a member of myGwork – the largest global platform for the LGBTQ business community. Please do not contact the recruiter directly. Who We Are At Kyndryl, we run and reimagine the mission-critical technology systems that drive advantage for the world's leading businesses. We are at the heart of progress; with proven expertise and a continuous flow of AI-powered insight, enabling smarter decisions, faster innovation, and a lasting competitive edg…",,2026-08-25,https://www.adzuna.in/land/ad/5855007053?se=5P5mJnGo8RGogquEo3zAlQ&utm_medium=api&utm_source=e9841bd4&v=987DAA3F2A13BDCC295A40B49D687ABE3F6B00F5,Adzuna API,2026-09-04,Bangalore,Karnataka,India,0
5837139895,Liquidity - Data Analyst,Capco,India,full_time,Unknown,"This job is with Capco, an inclusive employer and a member of myGwork – the largest global platform for the LGBTQ business community. Please do not contact the recruiter directly. Job Title: SOX Compliance About Us “Capco, a Wipro company, is a global technology and management consulting firm. Awarded with Consultancy of the year in the British Bank Award and has been ranked Top 100 Best Companies for Women in India 2022 by Avtar & Seramount . With our presence across 32 cities across globe, we…",,2026-08-12,https://www.adzuna.in/land/ad/5837139895?se=5P5mJnGo8RGogquEo3zAlQ&utm_medium=api&utm_source=e9841bd4&v=79B2AB8CAF9701F61DCB4DE422AE3B158EB7D1F2,Adzuna API,2026-09-04,Remote / Nationwide,Pan-India,India,0
5864423408,Data Analyst - Fenergo,eClerx,"Mumbai, Maharashtra",Not Specified,Unknown,"Remediation Analysts: Required / Must-have: Ability to identify data quality issues, investigate root causes, and apply fixes in line with business rules Experience in data mapping and in executing data remediation and cleansing activities as part of a platform migration SQL (and Python if possible) skills for querying, analysing, and remediating data at scale Good working understanding of Fenergo (FenE) tool Ability to clearly document remediation outcomes for system implementation Good writte…",SQL; Python,2026-09-01,https://www.adzuna.in/land/ad/5864423408?se=5P5mJnGo8RGogquEo3zAlQ&utm_medium=api&utm_source=e9841bd4&v=8BD3BA04F30F38710251308002EAFB129D4437AD,Adzuna API,2026-09-04,Mumbai,Maharashtra,India,2
5864430403,Senior Data Analyst,Magma General Insurance Limited,"Mumbai, Maharashtra",Not Specified,Unknown,"Role Overview We are seeking highly skilled Analytics & Data Science professionals (5–7 years of experience) with strong domain expertise in Insurance/Financial Services. The role focuses on developing data-driven solutions across Fraud Detection, Risk Prediction, and Underwriting Analytics. Key Responsibilities Develop and deploy machine learning models for fraud detection, underwriting risk, and customer risk profiling. Build scalable data pipelines and feature engineering frameworks using Py…",,2026-09-01,https://www.adzuna.in/land/ad/5864430403?se=5P5mJnGo8RGogquEo3zAlQ&utm_medium=api&utm_source=e9841bd4&v=EC5BC479A8B8E486C6A455CE4BFE36E30C6A846D,Adzuna API,2026-09-04,Mumbai,Maharashtra,India,0
5859662577,Data Analyst- Geology,S&P Global,"Bangalore, Karnataka",full_time,Unknown,"This job is with S&P Global, an inclusive employer and a member of myGwork – the largest global platform for the LGBTQ business community. Please do not contact the recruiter directly. About the Role: Grade Level (for internal use): 07 The Team: S&P Global's Upstream and Midstream Energy Data & Research Team conducts primary and secondary research on global energy assets across exploration, production, transportation, and power infrastructure. The team gathers, validates, and maintains datasets…",,2026-08-28,https://www.adzuna.in/land/ad/5859662577?se=5P5mJnGo8RGogquEo3zAlQ&utm_medium=api&utm_source=e9841bd4&v=16E84E5C9812DC7D6DE8F384F3B7FEB570FFD3C3,Adzuna API,2026-09-04,Bangalore,Karnataka,India,0
5867263523,Senior Data Analyst,airtel,India,Not Specified,Unknown,"Role Summary: We are seeking a highly curious and motivated analytical person to join the Airtel Finance team which is growing at a significant pace. This role is crucial in transforming complex business challenges within the lending domain into actionable data strategies and innovative solutions. The ideal candidate will possess a strong blend of analytical prowess, business acumen, and a proactive approach to leveraging Artificial Intelligence to enhance efficiency and decision-making across …",,2026-09-02,https://www.adzuna.in/land/ad/5867263523?se=5P5mJnGo8RGogquEo3zAlQ&utm_medium=api&utm_source=e9841bd4&v=DCDC7DF2CA2D19BDC45CEDA22C840F7438E8F6C8,Adzuna API,2026-09-04,Remote / Nationwide,Pan-India,India,0
5864427373,Senior Data Analyst,Prescience Decision Solutions,"Bangalore, Karnataka",full_time,Unknown,"Experience: 3 -5 Years (In Data Analytics) Mode: Hybrid - Fulltime Location: Bangalore Must Have Skills: Advanced SQL, Complex queries, Business Analysis, Experimentation Prefer: Immediate Joiners/Serving Notice Key Skills & Qualifications: Advanced SQL expertise with strong proficiency in writing and optimizing complex queries. Proven ability to solve business problems through data-driven analysis and business case studies. Strong communication and stakeholder management skills, with the abili…",SQL; Data Analysis; Stakeholder Management,2026-09-01,https://www.adzuna.in/land/ad/5864427373?se=5P5mJnGo8RGogquEo3zAlQ&utm_medium=api&utm_source=e9841bd4&v=687D8C20A823EBBDC541E566B6C08EABC2579CE0,Adzuna API,2026-09-04,Bangalore,Karnataka,India,3
5867270472,Data Analyst/Data Engineer Intern,DeHaat,India,Not Specified,Unknown,"Role Overview: We are looking for a Data Analyst / Data Engineer Intern to work closely with the Product & Technology team on building and maintaining data pipelines, internal dashboards, reporting systems, and data-driven workflows. This is a hands-on role suited for someone who is technically strong, comfortable working with databases and data pipelines, and interested in understanding how data is used to build operational products. Key Responsibilities 1. Data Engineering & Data Pipelines A …",,2026-09-02,https://www.adzuna.in/land/ad/5867270472?se=5P5mJnGo8RGogquEo3zAlQ&utm_medium=api&utm_source=e9841bd4&v=0EC963EE254182713F9A60E22FAF9022D5F9914A,Adzuna API,2026-09-04,Remote / Nationwide,Pan-India,India,0
5857251181,Data Analyst - Data Remediation - Mumbai,Capco,"Mumbai, Maharashtra",full_time,Unknown,"This job is with Capco, an inclusive employer and a member of myGwork – the largest global platform for the LGBTQ business community. Please do not contact the recruiter directly. About Us “Capco, a Wipro company, is a global technology and management consulting firm. Awarded with Consultancy of the year in the British Bank Award and has been ranked Top 100 Best Companies for Women in India 2022 by Avtar & Seramount . With our presence across 32 cities across globe, we support 100 clients acros…",,2026-08-27,https://www.adzuna.in/land/ad/5857251181?se=5P5mJnGo8RGogquEo3zAlQ&utm_medium=api&utm_source=e9841bd4&v=E627D12D3B0555AB7B69176F505B871F5F83ABC5,Adzuna API,2026-09-04,Mumbai,Maharashtra,India,0
5870528287,Freelance Data Analyst Mentor,IIM SKILLS,"Noida, Ghaziabad",Not Specified,Unknown,"Job Description – Freelance Data Analyst Mentor Company: IIM SKILLS Position: Freelance Data Analyst Mentor Engagement Type: Freelance / Contract Basis Openings: 4–5 Compensation: ₹1,000 per Hour Location: Remote / Online About the Role We are looking for experienced and passionate Freelance Data Analyst Mentors to train, guide, and support our learners through live sessions, doubt-solving, assignments, projects, and practical mentorship. The ideal candidate should have strong hands-on experien…",,2026-09-04,https://www.adzuna.in/land/ad/5870528287?se=5P5mJnGo8RGogquEo3zAlQ&utm_medium=api&utm_source=e9841bd4&v=2FADA5AC909648D2960751B324A30C9CDBE203CE,Adzuna API,2026-09-04,Noida,Ghaziabad,India,0
5867270213,SAP PLM Data Analyst,PranaTree,India,Not Specified,Unknown,"SAP PLM Data Analyst Job Description Experience: 8 years Location: India (Fully Remote) Location: Remote (European Time Zone 12.00PM -9.00PM) The SAP PLM Data Analyst is responsible for ensuring the integrity, accuracy, and accessibility of product lifecycle management data within our SAP systems. We are seeking a highly analytical and detail-oriented SAP PLM Data Analyst to join our dynamic team. In this pivotal role, you will be instrumental in maintaining the health and reliability of our pr…",,2026-09-02,https://www.adzuna.in/land/ad/5867270213?se=NABuKHGo8RGgj8B766XlxQ&utm_medium=api&utm_source=e9841bd4&v=1718A9A5DCE361C4C5ACBDFC005A48D499F672A0,Adzuna API,2026-09-04,Remote / Nationwide,Pan-India,India,0
5864432450,Credit Risk Data Analyst,Etenico Technologies,India,Not Specified,Unknown,"Credit Risk Data Analyst –SQL, Python & PySpark Experience: 3–7 Years Location: Bangalore Notice - Immediate to 15 Days Role Summary Seeking a Credit Risk Data Analyst with strong hands-on expertise in Python and PySpark to support large-scale data processing, validation, and analytics across credit risk datasets. The role focuses on leveraging distributed data frameworks to ensure data accuracy, scalability, and efficient processing within modern data platforms. Key Responsibilities Perform la…",SQL; Python,2026-09-01,https://www.adzuna.in/land/ad/5864432450?se=NABuKHGo8RGgj8B766XlxQ&utm_medium=api&utm_source=e9841bd4&v=A00ECD5373D7D14FD6E17EFBED376065824FF670,Adzuna API,2026-09-04,Remote / Nationwide,Pan-India,India,2
5857251154,Liquidity Reporting- data analyst,Capco,India,full_time,Unknown,"This job is with Capco, an inclusive employer and a member of myGwork – the largest global platform for the LGBTQ business community. Please do not contact the recruiter directly. Job title: Liquidity reporting Compliance Finance has mobilised a multi-year Integrity of Regulatory Reporting (IRR) programme to ensure that Regulatory Reporting across the Group is fit for purpose; accurate, timely and complete. The IRR programme is responsible for overseeing the design and implementation of a set o…",,2026-08-27,https://www.adzuna.in/land/ad/5857251154?se=NABuKHGo8RGgj8B766XlxQ&utm_medium=api&utm_source=e9841bd4&v=E11D60935C9511D08C74F601EB2D3CA382573ADF,Adzuna API,2026-09-04,Remote / Nationwide,Pan-India,India,0
5846723089,Product Marketing Data Analyst,Danaher,"Maharashtra, India",full_time,Unknown,"This job is with Danaher, an inclusive employer and a member of myGwork – the largest global platform for the LGBTQ business community. Please do not contact the recruiter directly. Find what drives you on a team with a more than 75-year history of discovery, determination, and innovation. As a global leader in high-tech filtration, separation, and purification, Pall Corporation thrives on helping our customers solve their toughest challenges. Our products serve diverse, global customer needs a…",,2026-08-18,https://www.adzuna.in/land/ad/5846723089?se=NABuKHGo8RGgj8B766XlxQ&utm_medium=api&utm_source=e9841bd4&v=FD0BD05DE843F3BDED634B0C1DBF729F860AD76C,Adzuna API,2026-09-04,Maharashtra,India,India,0
5864427059,Online Data Analyst - Punjabi,TELUS Digital,India,part_time,Unknown,"Job description Are you a detail-oriented individual with a passion for research and a good understanding of national and local geography? This freelance opportunity allows you to work at your own pace and from the comfort of your own home. A Day in the Life of an Online Data Analyst: In this role, you will be working on a project aimed at enhancing the content and quality of digital maps that are used by millions of people worldwide Completing research and evaluation tasks in a web-based envir…",,2026-09-01,https://www.adzuna.in/land/ad/5864427059?se=NABuKHGo8RGgj8B766XlxQ&utm_medium=api&utm_source=e9841bd4&v=697F10C9127A42B13C1B5E1766C09C85F26B04B8,Adzuna API,2026-09-04,Remote / Nationwide,Pan-India,India,0
5864435864,Senior Researcher & Data Analyst,Brainware University,"Barasat, North 24 Parganas",full_time,Unknown,"Senior Operations Associate Location: Both Barasat and Salt-Lake campus (as per University's requirement) Can you read data, find patterns and drive better decisions? Brainware University is hiring Data Analysts. Brainware University is expanding it s AI Research & Development Cell and is looking for talented individuals who can analyze data deeply, identify meaningful patterns, generate actionable insights and support better Institutional decisions . This is not a routine Reporting role. It is…",,2026-09-01,https://www.adzuna.in/land/ad/5864435864?se=NABuKHGo8RGgj8B766XlxQ&utm_medium=api&utm_source=e9841bd4&v=9F3F83C894062448AD53F3788D25942CC2977723,Adzuna API,2026-09-04,Barasat,North 24 Parganas,India,0
5868794827,Data Analyst – AI Consulting,TailorFlow AI,India,Not Specified,Unknown,"About TailorFlow AI TailorFlow AI is a Cambridge-based enterprise AI services company that designs and delivers bespoke solutions for complex business problems. We help enterprises and ambitious mid-market organisations identify valuable AI opportunities and implement systems that work in real business environments. Our customers are based across the UK, South Africa, the Americas and Australia. Most work happens asynchronously, offering flexibility in how team members structure their day. Depe…",,2026-09-03,https://www.adzuna.in/land/ad/5868794827?se=NABuKHGo8RGgj8B766XlxQ&utm_medium=api&utm_source=e9841bd4&v=2B578C249B9D62EB6CFA7CBA8C3472C62342E53B,Adzuna API,2026-09-04,Remote / Nationwide,Pan-India,India,0
5869559140,Data Analyst - Team Lead,Aceolution,"Hyderabad, Telangana",Not Specified,Unknown,"We are seeking an experienced and results-driven Data Analysis Team Lead to join our growing analytics team. The ideal candidate will possess strong analytical capabilities, excellent leadership skills, and a passion for transforming complex data into actionable business insights. This role involves working with large-scale datasets, developing impactful dashboards and reports, collaborating with cross-functional stakeholders, and mentoring a team of analysts to support data-driven decision-mak…",Data Analysis; Stakeholder Management,2026-09-04,https://www.adzuna.in/land/ad/5869559140?se=NABuKHGo8RGgj8B766XlxQ&utm_medium=api&utm_source=e9841bd4&v=54E35D55857D4386D453BC5608143BA8F1420DF3,Adzuna API,2026-09-04,Hyderabad,Telangana,India,2
5867263635,Senior Data Analyst- 18891,EXL,India,Not Specified,Unknown,"Role Overview We are seeking an experienced Data Governance & Analytics professional with 7 years of experience in data governance, data quality, analytics, and enterprise data environments. The ideal candidate will have strong client-facing skills and the ability to collaborate effectively across business, analytics, and technology teams. Key Responsibilities Drive Data Governance initiatives, including Data Quality Management, Data Profiling, Data Integrity & Cleansing, Data Quality Monitorin…",,2026-09-02,https://www.adzuna.in/land/ad/5867263635?se=NABuKHGo8RGgj8B766XlxQ&utm_medium=api&utm_source=e9841bd4&v=01CC91D60F84B1084723222FDABBE95CF613166F,Adzuna API,2026-09-04,Remote / Nationwide,Pan-India,India,0
5864435899,Data Analyst - Central Analytics,Kapiva,"Bangalore, Karnataka",Not Specified,Unknown,"Role Overview : The Analyst is responsible for analyzing user behavior, identifying churn drivers, and improving customer lifetime value (LTV) through data-driven insights. This role works closely with CRM, marketing, and growth teams to design and evaluate retention strategies. Key Responsibilities : Analyze customer cohorts, retention curves, and churn metrics across lifecycle stages Build and monitor KPIs such as Retention Rate, Repeat Rate, LTV, CAC. Identify drop-off points in the user jou…",,2026-09-01,https://www.adzuna.in/land/ad/5864435899?se=NABuKHGo8RGgj8B766XlxQ&utm_medium=api&utm_source=e9841bd4&v=4E3B0A5DD0470599B0933CBA9C4F511EEE602694,Adzuna API,2026-09-04,Bangalore,Karnataka,India,0
5864436028,Data Analyst – Transport MIS & Data Analytics,Pahlé India Foundation,India,full_time,Unknown,"About Pahlé India Foundation Pahlé India Foundation (PIF) is a New Delhi-based public policy think-and-action tank founded by Dr. Rajiv Kumar, former Vice Chairman of NITI Aayog. PIF works with central and state governments, multilateral agencies, and institutional partners on policy research, implementation support, and advisory assignments across sectors including governance, transport, infrastructure, and public administration. PIF's Northeast Regional Office, based in Guwahati, leads the Fo…",,2026-09-01,https://www.adzuna.in/land/ad/5864436028?se=NABuKHGo8RGgj8B766XlxQ&utm_medium=api&utm_source=e9841bd4&v=BDFEC4BCF08F06F8676F0C0C720342EFB5D20490,Adzuna API,2026-09-04,Remote / Nationwide,Pan-India,India,0
5864442476,Online Data Analyst - Odia Language.,TELUS,India,part_time,Unknown,"Job description Are you a research-minded individual with a keen eye for detail and a good understanding of national and local geography? This freelance opportunity allows you to work at your own pace and from home. A day in the life of an online data analyst: In this role, you will work on a project that aims to improve the content and quality of digital maps used by people around the world. Conduct research and evaluation in a web-based environment, including data verification, comparison, an…",,2026-09-01,https://www.adzuna.in/land/ad/5864442476?se=NABuKHGo8RGgj8B766XlxQ&utm_medium=api&utm_source=e9841bd4&v=C2C4FA1020F34EBB96F3077C9711DF94F424F7F9,Adzuna API,2026-09-04,Remote / Nationwide,Pan-India,India,0
5864431974,Online Data Analyst Urdu _India,TELUS Digital AI Data Solutions,India,part_time,Unknown,"Job description Are you a detail-oriented individual with a passion for research and a good understanding of national and local geography? This freelance opportunity allows you to work at your own pace and from the comfort of your own home. A Day in the Life of an Online Data Analyst: In this role, you will be working on a project aimed at enhancing the content and quality of digital maps that are used by millions of people worldwide Completing research and evaluation tasks in a web-based envir…",,2026-09-01,https://www.adzuna.in/land/ad/5864431974?se=NABuKHGo8RGgj8B766XlxQ&utm_medium=api&utm_source=e9841bd4&v=01A13B06799CE22D37702B68F8348162D5040672,Adzuna API,2026-09-04,Remote / Nationwide,Pan-India,India,0
5854537719,"Sr Manager, Senior Data Analyst",Standard Chartered Bank,"Bangalore, Karnataka",full_time,Unknown,"This job is with Standard Chartered Bank, an inclusive employer and a member of myGwork – the largest global platform for the LGBTQ business community. Please do not contact the recruiter directly. Job Summary The role is responsible for strengthening the data, automation and control framework supporting CIB Credit Risk reporting, with a focus on Financial Sponsors and Private Credit. The role holder will work closely with reporting, data, technology and change teams to improve data sourcing, d…",,2026-08-25,https://www.adzuna.in/land/ad/5854537719?se=NABuKHGo8RGgj8B766XlxQ&utm_medium=api&utm_source=e9841bd4&v=EBA3E5A1C90D3E6A92603C46CEEC7ABAC2746B3A,Adzuna API,2026-09-04,Bangalore,Karnataka,India,0
5864426170,"Senior Data Analyst (SQL, ETL, Python)",Health Catalyst,"Hyderabad, Telangana",Not Specified,Unknown,"Job Summary We are looking for a highly motivated and experienced Senior Data Analyst with strong expertise in SQL, Python, ETL development, and data engineering practices. The ideal candidate will have hands-on experience working with large-scale data processing systems, relational databases, ETL tools, reporting platforms, and Python-based automation solutions. The role involves designing, developing, optimizing, and supporting enterprise data pipelines, reporting solutions, and database-driv…",SQL; Python,2026-09-01,https://www.adzuna.in/land/ad/5864426170?se=NABuKHGo8RGgj8B766XlxQ&utm_medium=api&utm_source=e9841bd4&v=6EBD97937B093309CD25E63349A40D36C2CA4FCB,Adzuna API,2026-09-04,Hyderabad,Telangana,India,2
5864437348,"Senior Marketing Data Analyst (Python, SQL)",Blend,"Hyderabad, Telangana",Not Specified,Unknown,"Blend is a premier AI services provider, committed to co-creating meaningful impact for its clients through the power of data science, AI, technology, and people. With a mission to fuel bold visions, Blend tackles significant challenges by seamlessly aligning human expertise with artificial intelligence. The company is dedicated to unlocking value and fostering innovation for its clients by harnessing world-class people and data-driven strategy. We believe that the power of people and AI can ha…",,2026-09-01,https://www.adzuna.in/land/ad/5864437348?se=NABuKHGo8RGgj8B766XlxQ&utm_medium=api&utm_source=e9841bd4&v=61FFF99584786DBB66E8401001706E67D545896C,Adzuna API,2026-09-04,Hyderabad,Telangana,India,0
5864430061,R&D Data Analyst & Clinical IT Partner,Opella,"Hyderabad, Telangana",Not Specified,Unknown,"Role Summary This role supports the R&D data foundation — owning the formulation and ingredient database in PLM, building out the ingredient and formulation data structures that R&D and downstream systems rely on and keeping it aligned with SAP (Material Master), MDM (golden record governance), and RIMS (regulatory status by market) — while also supporting Clinical Operations as an IT Business Partner. As the Clinica Product Manager the role acts as the trusted point of contact for Clinical Ope…",R,2026-09-01,https://www.adzuna.in/land/ad/5864430061?se=NABuKHGo8RGgj8B766XlxQ&utm_medium=api&utm_source=e9841bd4&v=9B2E4B8E3F593A2B8EBCDD6C13478D2556A0ECA5,Adzuna API,2026-09-04,Hyderabad,Telangana,India,1
5864442886,Data Quality Analyst,Sambodhi Research and Communications Pvt. Ltd.,India,full_time,Unknown,"Company Description Sambodhi Research and Communications Pvt. Ltd. is a knowledge-based organization that focuses on promoting accountability in the public domain. We provide project management, monitoring & evaluation, and research solutions to implementers, governments, aid agencies, and philanthropic foundations. Our expertise lies in evaluating large-scale interventions in sectors such as public health, nutrition, sanitation, renewable energy, livelihoods, and microfinance. We are committed…",,2026-09-01,https://www.adzuna.in/land/ad/5864442886?se=NABuKHGo8RGgj8B766XlxQ&utm_medium=api&utm_source=e9841bd4&v=098165625AD5F210BFEF1A3E40FBBB890EC719D4,Adzuna API,2026-09-04,Remote / Nationwide,Pan-India,India,0
5864440835,Data Privacy Analyst,NTT DATA Business Solutions,India,Not Specified,Unknown,"Build the Future with Us. Join NTT DATA Business Solutions, a global leader in SAP consulting and digital transformation. As part of the NTT DATA Group, we collaborate with over 16,700 professionals in 30 countries to deliver innovative SAP solutions that help businesses thrive. Take the next step in your career and become a trusted partner to our global customers. In this role, you'll support and optimize complex SAP landscapes, drive operational excellence, and contribute to impactful digital…",,2026-09-01,https://www.adzuna.in/land/ad/5864440835?se=NABuKHGo8RGgj8B766XlxQ&utm_medium=api&utm_source=e9841bd4&v=61CC2276BE54FE826263388BE0AD4972DEAEBB50,Adzuna API,2026-09-04,Remote / Nationwide,Pan-India,India,0
5864421910,Data Extraction Analyst,Computacenter,"Noida, Ghaziabad",full_time,Unknown,"About the Company • Computacenter is a leading independent technology and services provider, trusted by many of the world’s largest public and private sector organisations. • We help customers source, transform, and manage their technology infrastructure to enable digital transformation at scale. B. About Us · ~$12 billion in annual revenue · Publicly listed on the London Stock Exchange (LSE) · Founded in 1981, with over 44 years of IT industry leadership · 21,000 employees across 70 offices wo…",,2026-09-01,https://www.adzuna.in/land/ad/5864421910?se=NABuKHGo8RGgj8B766XlxQ&utm_medium=api&utm_source=e9841bd4&v=D60F2BF2F0732409BC9EFB61C5FA460453354169,Adzuna API,2026-09-04,Noida,Ghaziabad,India,0
5867270200,Data Security Analyst,Thakral One,India,Not Specified,Unknown,"As a Data Security Analyst (AVP) , you will safeguard the bank's data, ensuring it is securely handled, stored, and shared. You will focus on monitoring, detection, and investigation of data‑related security risks, including data loss, unauthorised access, and misuse across enterprise environments. You will play a key role in implementing and managing data security controls such as Data Loss Prevention (DLP), data classification, and monitoring capabilities to protect critical information. What…",,2026-09-02,https://www.adzuna.in/land/ad/5867270200?se=NABuKHGo8RGgj8B766XlxQ&utm_medium=api&utm_source=e9841bd4&v=7905752367276C127433247ECF0CC9DBDA8FB910,Adzuna API,2026-09-04,Remote / Nationwide,Pan-India,India,0
5864443271,Data & Insights Analyst,Ecomm-Inroads,India,Not Specified,Unknown,"Why Join Us: We’re a small but mighty Amazon & TikTok growth agency with real momentum, and we’re still small enough that every person on the team genuinely matters. No layers, no bureaucracy. Just a tight group of smart, fun people doing great work together. Work directly with the founders. You’ll work alongside the people who built this business from the ground up. A ringside seat to everything. You’ll play a pivotal role in preparing for client conversations, the beating heart of this busine…",,2026-09-01,https://www.adzuna.in/land/ad/5864443271?se=NABuKHGo8RGgj8B766XlxQ&utm_medium=api&utm_source=e9841bd4&v=05CA5513B1DADC57A547E4F51A80FF616618A19F,Adzuna API,2026-09-04,Remote / Nationwide,Pan-India,India,0
5843766762,IS Data Security - Analyst,ABB,"Bangalore, Karnataka",full_time,Unknown,"This job is with ABB, an inclusive employer and a member of myGwork – the largest global platform for the LGBTQ business community. Please do not contact the recruiter directly. At ABB, we help industries run leaner and cleaner—and every person here makes that happen. You’ll be empowered to lead, supported to grow, and proud of the impact we create together. Join us and help run what runs the world. This Position reports to: IS Category Lead Arch. Workplace & UC Your role and responsibilities I…",,2026-08-16,https://www.adzuna.in/land/ad/5843766762?se=NABuKHGo8RGgj8B766XlxQ&utm_medium=api&utm_source=e9841bd4&v=10E7F647774D145FD5779E5E48176C6A2A5877E6,Adzuna API,2026-09-04,Bangalore,Karnataka,India,0
5867115068,Data Management Analyst,Moody's,"Bangalore, Karnataka",full_time,Unknown,"This job is with Moody's, an inclusive employer and a member of myGwork – the largest global platform for the LGBTQ business community. Please do not contact the recruiter directly. At Moody's, we unite the brightest minds to turn today’s risks into tomorrow’s opportunities. We do this by striving to create an inclusive environment where everyone feels welcome to be who they are—with the freedom to exchange ideas, think innovatively, and listen to each other and customers in meaningful ways. Mo…",,2026-09-02,https://www.adzuna.in/land/ad/5867115068?se=NABuKHGo8RGgj8B766XlxQ&utm_medium=api&utm_source=e9841bd4&v=0690395A04D115923E5072660A3E464C57BD66A4,Adzuna API,2026-09-04,Bangalore,Karnataka,India,0
5870527967,Senior Data Analyst (Advanced Excel with PowerBI) - Gurgaon Location,Sonata Software,India,Not Specified,Unknown,"Greetings Currently we have an urgent Position for Senior Data Analyst Advanced Excel with Power BI role for one of our projects, location based in Gurgaon. Kindly find below the details for your Perusal. Job Location : Gurgaon Mode of Employment : Permanent (Weekly 4 days WFO) - Shift timing: 7:30 AM IST to 7:30 PM IST Job Description: Financial Data Analytics Financial Forecasting Models Financial data and Macros Types of Variances Data modeling, Excel-based reporting Good Communication Skill…",Excel; Data Analysis; Power BI; Communication,2026-09-04,https://www.adzuna.in/land/ad/5870527967?se=NABuKHGo8RGgj8B766XlxQ&utm_medium=api&utm_source=e9841bd4&v=10D7D1ABB65DD67BFDE909D1F3C6FD10ABF857EB,Adzuna API,2026-09-04,Remote / Nationwide,Pan-India,India,4
5864432317,Data Analyst (Fully Remote) – Top US MNC (Enterprise Software),SkillsCapital,India,Not Specified,Unknown,"We are hiring Data Analysts to join a Top US MNC building and scaling large-scale enterprise platforms, cloud-native applications, SaaS products, and AI-powered business solutions. This is an opportunity to work with a globally recognized organization while collaborating with business leaders, product managers, engineers, and data teams to transform data into actionable insights that drive business decisions and improve customer experiences. Location 100% Remote Start Date Immediate to 4 Weeks …",,2026-09-01,https://www.adzuna.in/land/ad/5864432317?se=NABuKHGo8RGgj8B766XlxQ&utm_medium=api&utm_source=e9841bd4&v=EBF3D31462FFA7621DCCBF38DAD63FA6CDA02E2C,Adzuna API,2026-09-04,Remote / Nationwide,Pan-India,India,0
5857251168,Competitive Data Eng & Analyst,eBay,"Bangalore, Karnataka",full_time,Unknown,"This job is with eBay, an inclusive employer and a member of myGwork – the largest global platform for the LGBTQ business community. Please do not contact the recruiter directly. At eBay, we're more than a global ecommerce leader - we're changing the way the world shops and sells. Our platform empowers millions of buyers and sellers in more than 190 markets around the world. We're committed to pushing boundaries and leaving our mark as we reinvent the future of ecommerce for enthusiasts. Our cu…",,2026-08-27,https://www.adzuna.in/land/ad/5857251168?se=NABuKHGo8RGgj8B766XlxQ&utm_medium=api&utm_source=e9841bd4&v=EC8A5FFC2C126851558CFAA0685976C27C1836ED,Adzuna API,2026-09-04,Bangalore,Karnataka,India,0
5864422819,Electronic Data Interchange Analyst,ValueLabs,"Hyderabad, Telangana",Not Specified,Unknown,"Job Description We are seeking a highly organized and customer-focused EDI Project Coordinator to support the successful execution and day-to-day management of electronic data interchange (EDI) operations. This role acts as the primary coordination point between the internal EDI team, clients, carriers, and business stakeholders to ensure EDI files are transmitted, tracked, monitored, and resolved in a timely and accurate manner. The EDI Project Coordinator will oversee transaction monitoring, …",Stakeholder Management,2026-09-01,https://www.adzuna.in/land/ad/5864422819?se=NABuKHGo8RGgj8B766XlxQ&utm_medium=api&utm_source=e9841bd4&v=96E3DC45723283409FF5B87E7DC7D4C6B174F696,Adzuna API,2026-09-04,Hyderabad,Telangana,India,1
5864431325,Sr. Data & Reporting Analyst,iShare Inc.,India,Not Specified,Unknown,"Senior Engineer – Applied AI (Agentic AI Systems) Tenure: 6 Months Location: Remote Shift: 2 PM – 11 PM Experience: 5–8 Years Role Overview: We are looking for a hands-on Senior Engineer to build and productionize GenAI and Agentic AI solutions , with strong backend engineering and production support experience. Must-Have Skills: Strong Python development GenAI / LLM application development Agentic AI frameworks – LangGraph, LangChain, AutoGen, CrewAI, LlamaIndex RAG , prompt engineering, tool …",Python,2026-09-01,https://www.adzuna.in/land/ad/5864431325?se=NABuKHGo8RGgj8B766XlxQ&utm_medium=api&utm_source=e9841bd4&v=64782C989A6675C770787F7D2B4D5ECA4A24232B,Adzuna API,2026-09-04,Remote / Nationwide,Pan-India,India,1
5864441282,Senior Data & Insights Analyst,Linemate,India,Not Specified,Unknown,"Company Description Linemate builds a WhatsApp-based platform for frontline operations — checklists, ticketing, and workflows for teams that don't sit behind a desk. We work with customers across industries, operating in India and the Middle East, with plans to expand globally. At our core, we're a data company. The real value we create for customers comes from the operational data their frontline teams generate every day — completed checklists, raised tickets, resolution times. Turning that ra…",,2026-09-01,https://www.adzuna.in/land/ad/5864441282?se=NABuKHGo8RGgj8B766XlxQ&utm_medium=api&utm_source=e9841bd4&v=22FDF9215E70BD1B7867A6A7230B4EA4E564EF87,Adzuna API,2026-09-04,Remote / Nationwide,Pan-India,India,0
5869558783,Lead Data Insight Analyst - Data warehousing [T500-29065],Albertsons Companies India,"Bangalore, Karnataka",Not Specified,Unknown,"About Albertsons Companies Inc. (ACI): As a leading food and drug retailer in the United States, Albertsons Companies, Inc. operates over 2,200 stores across 35 states and the District of Columbia. Our well-known banners across the United States, including Albertsons, Safeway, Vons, Jewel-Osco and others, serve more than 36 million U.S customers each week. We build and shape technology solutions that solve customers’ problems every day, making things easier for them when they shop with us onlin…",,2026-09-04,https://www.adzuna.in/land/ad/5869558783?se=NABuKHGo8RGgj8B766XlxQ&utm_medium=api&utm_source=e9841bd4&v=0C701FEF8607DE8FB8670A6450C4F5F0227CCD71,Adzuna API,2026-09-04,Bangalore,Karnataka,India,0
5864431703,Data Analytics Analyst ( Life Sciences),IQVIA India,"Bangalore, Karnataka",Not Specified,Unknown,"Project Role: Data Analytics Analyst Work Experience: 3 Years Work location: Bengalore Work Mode: Hybrid Must Have Skills: Work on secondary data analysis (patients, physicians, pharmacists),forecasting reports Use Power BI for reporting and dashboards Join us on our exciting journey! About IQVIA IQVIA is a leading global provider of advanced analytics, technology solutions, and clinical research services to the life sciences industry. IQVIA creates intelligent connections across all aspects of…",Data Analysis; Power BI,2026-09-01,https://www.adzuna.in/land/ad/5864431703?se=NABuKHGo8RGgj8B766XlxQ&utm_medium=api&utm_source=e9841bd4&v=D36DA1EE63C1B39383FA4173F74B9E5201E9DD8E,Adzuna API,2026-09-04,Bangalore,Karnataka,India,2
5864426422,SAP MM data migration analyst,Zora Technology Inc,India,full_time,Unknown,"Company Description Zora Technology Inc. is a technology-focused organization dedicated to helping businesses modernize and optimize their enterprise systems. The company delivers tailored IT consulting and implementation services, with a strong emphasis on data integrity, system reliability, and process efficiency. Teams at Zora Technology Inc. work with leading platforms such as SAP to support complex digital transformation initiatives. The company values collaboration, continuous learning, a…",,2026-09-01,https://www.adzuna.in/land/ad/5864426422?se=NABuKHGo8RGgj8B766XlxQ&utm_medium=api&utm_source=e9841bd4&v=E4E8B035032C32D8DB5DD7111FED480D9643C782,Adzuna API,2026-09-04,Remote / Nationwide,Pan-India,India,0
5864442750,Data Quality Analyst – AI/ML,Innodata India Private Limited,India,Not Specified,Unknown,"Job Summary We are looking for a Data Quality Analyst – AI/ML to ensure the accuracy, consistency, completeness, and reliability of datasets used in AI/ML applications. The role involves reviewing large volumes of digital content and datasets, identifying quality issues, applying defined quality standards, and supporting continuous improvement of AI data workflows. Key Responsibilities Review and evaluate text, images, videos, audio, and other digital content against defined quality standards. …",,2026-09-01,https://www.adzuna.in/land/ad/5864442750?se=NABuKHGo8RGgj8B766XlxQ&utm_medium=api&utm_source=e9841bd4&v=61BE7AD407558278D67E999E3D3984BD74D8BE1E,Adzuna API,2026-09-04,Remote / Nationwide,Pan-India,India,0
5864427018,Analyst - Data Science,bluCognition,India,Not Specified,Unknown,"About bluCognition bluCognition is an AI-powered commercial credit intelligence company serving lenders and financial institutions. Our platform combines commercial credit data contributed by 150 lenders with AI-driven analytics, banking data and fraud detection to help our clients make faster, better credit decisions. Our product suite includes bluSense, which converts bank statements into standardized, categorized transaction data with real-time financial insights, and FraudLens, which detect…",,2026-09-01,https://www.adzuna.in/land/ad/5864427018?se=NABuKHGo8RGgj8B766XlxQ&utm_medium=api&utm_source=e9841bd4&v=9BA78DDCE698277A861D06A19938F208B771EB35,Adzuna API,2026-09-04,Remote / Nationwide,Pan-India,India,0
5864429416,Lead Data Insight Analyst [T500-28720],Albertsons Companies India,"Bangalore, Karnataka",Not Specified,Unknown,"About Albertsons Companies Inc.: As a leading food and drug retailer in the United States, Albertsons Companies, Inc. operates over 2,200 stores across 35 states and the District of Columbia. Our well-known banners across the United States, including Albertsons, Safeway, Vons, Jewel-Osco and others, serve more than 36 million U.S customers each week. We build and shape technology solutions that solve customers’ problems every day, making things easier for them when they shop with us online or i…",,2026-09-01,https://www.adzuna.in/land/ad/5864429416?se=NABuKHGo8RGgj8B766XlxQ&utm_medium=api&utm_source=e9841bd4&v=73C4A2F68145DFDBA2EB989FD748B0775803D851,Adzuna API,2026-09-04,Bangalore,Karnataka,India,0
5864442505,Senior Data Engineer (Analyst/Scientist) - Remote,Kake,"Bangalore, Karnataka",Not Specified,Unknown,"Senior Data Engineer (Analyst/Scientist) - Remote Kake is a remote-first company and a people-first global community of senior engineers. Kake engineers are behind some of the world’s most innovative products (Brands you’ve heard!), from Fortune 500 to fast-growing companies. We believe it’s not where your table is, but what you bring to the table that matters. Our community spans 45,000 engineers across 55 countries; join a culture where great people stay, grow, and thrive (and love eating kak…",,2026-09-01,https://www.adzuna.in/land/ad/5864442505?se=NABuKHGo8RGgj8B766XlxQ&utm_medium=api&utm_source=e9841bd4&v=6155ACC03125A8E4FD992DB648D4B5952CFF591B,Adzuna API,2026-09-04,Bangalore,Karnataka,India,0
5864431152,Senior Data Engineer (Analyst/Scientist) - Remote,Kake,"Hyderabad, Telangana",Not Specified,Unknown,"Senior Data Engineer (Analyst/Scientist) - Remote Kake is a remote-first company and a people-first global community of senior engineers. Kake engineers are behind some of the world’s most innovative products (Brands you’ve heard!), from Fortune 500 to fast-growing companies. We believe it’s not where your table is, but what you bring to the table that matters. Our community spans 45,000 engineers across 55 countries; join a culture where great people stay, grow, and thrive (and love eating kak…",,2026-09-01,https://www.adzuna.in/land/ad/5864431152?se=NABuKHGo8RGgj8B766XlxQ&utm_medium=api&utm_source=e9841bd4&v=992068F702D0BD1D92EF8D1AB0E5CA33A0D15B29,Adzuna API,2026-09-04,Hyderabad,Telangana,India,0
5864436325,Senior Data Insight Analyst [T500-27798],Albertsons Companies India,"Bangalore, Karnataka",Not Specified,Unknown,"About Albertsons Companies Inc.: As a leading food and drug retailer in the United States, Albertsons Companies, Inc. operates over 2,200 stores across 35 states and the District of Columbia. Our well-known banners across the United States, including Albertsons, Safeway, Vons, Jewel-Osco and others, serve more than 36 million U.S customers each week. We build and shape technology solutions that solve customers’ problems every day, making things easier for them when they shop with us online or i…",,2026-09-01,https://www.adzuna.in/land/ad/5864436325?se=NABuKHGo8RGgj8B766XlxQ&utm_medium=api&utm_source=e9841bd4&v=E8C1DA325BC537A0371686CF61B58690A20D2703,Adzuna API,2026-09-04,Bangalore,Karnataka,India,0
5843766857,IS Data Security - Senior Analyst,ABB,"Bangalore, Karnataka",full_time,Unknown,"This job is with ABB, an inclusive employer and a member of myGwork – the largest global platform for the LGBTQ business community. Please do not contact the recruiter directly. At ABB, we help industries run leaner and cleaner—and every person here makes that happen. You’ll be empowered to lead, supported to grow, and proud of the impact we create together. Join us and help run what runs the world. This Position reports to: IS Category Lead Arch. Workplace & UC Your role and responsibilities I…",,2026-08-16,https://www.adzuna.in/land/ad/5843766857?se=NABuKHGo8RGgj8B766XlxQ&utm_medium=api&utm_source=e9841bd4&v=01FE278DE8610A415ACA5BDAD4540C0D25350285,Adzuna API,2026-09-04,Bangalore,Karnataka,India,0
5870527917,Data Quality Assurance Analyst,9NEXUS,India,Not Specified,Unknown,"Experience developing and supporting the creation of data quality dashboards in Power BI, by extracting data from various Global systems in Snowflake and develop rules for identifying DQ issues using Acceldata/Experian Aperture or something similar. • Experience in Snowflake or similar for data lakes. • Hands On Experience in Power Platform (Automate, Data Flows, Power App) • Demonstrated experience & domain expertise within data management disciplines, including the three pillars of data quali…",Power BI,2026-09-04,https://www.adzuna.in/land/ad/5870527917?se=NABuKHGo8RGgj8B766XlxQ&utm_medium=api&utm_source=e9841bd4&v=04E49C1AE5C9E331DD62C24D7F0AB09CFAA62E02,Adzuna API,2026-09-04,Remote / Nationwide,Pan-India,India,1
5846723666,"Group Data Privacy (GDP) – Data Privacy Analyst,AS",Deutsche Bank,"Bangalore, Karnataka",full_time,Unknown,"This job is with Deutsche Bank, an inclusive employer and a member of myGwork – the largest global platform for the LGBTQ business community. Please do not contact the recruiter directly. Position Overview Role Description C&AFC C&AFC is responsible for managing the compliance and anti-financial crime risk of Deutsche Bank Group. Our mission is to ensure that C&AFC services are provided to the bank with the goals of protecting its integrity and reputation and managing legal risk to make transac…",,2026-08-18,https://www.adzuna.in/land/ad/5846723666?se=NABuKHGo8RGgj8B766XlxQ&utm_medium=api&utm_source=e9841bd4&v=07CDF9B8A492511E4099EDEE9695F3B4DCF98743,Adzuna API,2026-09-04,Bangalore,Karnataka,India,0
5864428505,Senior Data & Market Research Analyst,Proeze,"Chennai, Tamil Nadu",Not Specified,Unknown,"About the Role We are looking for a highly analytical and research-driven Senior Data & Market Research Analyst to support our sales and marketing teams through market research, lead generation, and business intelligence. The ideal candidate should be capable of independently researching industries, identifying target accounts, generating qualified leads, validating data, and managing the complete lead generation lifecycle from scratch. Key Responsibilities Market Research & Intelligence Conduc…",,2026-09-01,https://www.adzuna.in/land/ad/5864428505?se=NABuKHGo8RGgj8B766XlxQ&utm_medium=api&utm_source=e9841bd4&v=9A5223101BE54EF247EFF01A0937357D69100CF5,Adzuna API,2026-09-04,Chennai,Tamil Nadu,India,0
5869485049,"Analyst, Data Governance (Corp Functions)",Invesco,"Hyderabad, Telangana",full_time,Unknown,"This job is with Invesco, an inclusive employer and a member of myGwork – the largest global platform for the LGBTQ business community. Please do not contact the recruiter directly. As one of the world's leading independent global investment firms, Invesco is dedicated to rethinking possibilities for our clients. By delivering the combined power of our distinctive investment management capabilities, we provide a wide range of investment strategies and vehicles to our clients around the world. I…",,2026-09-04,https://www.adzuna.in/land/ad/5869485049?se=NABuKHGo8RGgj8B766XlxQ&utm_medium=api&utm_source=e9841bd4&v=5D67AA6FA10392A9AD5A16EF10311958B9CCD752,Adzuna API,2026-09-04,Hyderabad,Telangana,India,0
5864433088,Workiva (WDesk/Wdata & SQL),Coforge,"Hyderabad, Telangana",full_time,Unknown,"We are Hiring: Data Analyst – Workiva (WDesk/Wdata & SQL). Must Have Skills:- hands-on experience in Workiva (WDesk/Wdata). Company: Coforge Ltd. Job Location: Hyderabad, Pune & Greater Noida Experience: 5–7 Years Employment Type: Full-Time Share your CV: Gaurav.2.Kumar@coforge.com WhatsApp: 9667427662 Job Summary:- We are looking for a skilled Data Analyst with strong expertise in SQL and hands-on experience in Workiva (WDesk/Wdata) . The role involves analyzing complex datasets, generating ac…",SQL,2026-09-01,https://www.adzuna.in/land/ad/5864433088?se=NABuKHGo8RGgj8B766XlxQ&utm_medium=api&utm_source=e9841bd4&v=513197DD929E70CCCAE6CE4B02FB59D2A537122E,Adzuna API,2026-09-04,Hyderabad,Telangana,India,1
5864423974,SAP Data Migration Functional Analyst EAM/PM,EnQubes,India,Not Specified,Unknown,"SAP Data Migration Functional Analyst – Enterprise Asset Management (EAM) / Plant Maintenance (PM) The SAP Data Migration Functional Analyst – Enterprise Asset Management (EAM) / Plant Maintenance (PM) is responsible for the end-to-end functional ownership of assigned SAP data migration objects supporting SAP S/4HANA Enterprise Asset Management business processes. The role serves as the primary liaison between Business Process Teams, Business Data Owners, Data Construction SMEs, and Data Migrat…",Business Process Analysis,2026-09-01,https://www.adzuna.in/land/ad/5864423974?se=NABuKHGo8RGgj8B766XlxQ&utm_medium=api&utm_source=e9841bd4&v=BC8096D16163F54D667C0C1DB66753CC1260D1B7,Adzuna API,2026-09-04,Remote / Nationwide,Pan-India,India,1
5867263507,Data Engineer,Tata Consultancy Services,India,Not Specified,Unknown,"Dear Candidate, We have face to face interview @ Gurgaon 5th Sep,2026 Experience : 5-10yrs Please apply if you are interested and available for in person interview. Skills: 1.Data Engineer – Python PySpark, SQL, AWS 2.Data Analyst-Power BI, SQL, Statistical skill 3.Sr. Java Engineers-Microservices, Kafka 4.Data Scientist 5.Data Modeler 6.Data Engineer – Databricks, Splunk 7.AWS DevOps Engineer 8.Smart Comm Developer",SQL; Python; Power BI,2026-09-02,https://www.adzuna.in/land/ad/5867263507?se=NABuKHGo8RGgj8B766XlxQ&utm_medium=api&utm_source=e9841bd4&v=D8AC08290284E56445A4F253FABC0AF5EE2DE3F8,Adzuna API,2026-09-04,Remote / Nationwide,Pan-India,India,3
5864425686,Senior Data Engineer,Programmers.io,India,Not Specified,Unknown,"Job Description We are seeking a highly skilled Snowflake Data Engineer to design, build, and optimize scalable data solutions using cloud and Snowflake. The ideal candidate will have hands-on experience in cloud-based data engineering, data warehousing, ETL/ELT development, and modern data architecture. The role involves collaborating with business stakeholders, data analysts, and data scientists to deliver robust and high-performance data platforms. 7 years of data engineering Expert SQL Stro…",SQL; Stakeholder Management,2026-09-01,https://www.adzuna.in/land/ad/5864425686?se=NABuKHGo8RGgj8B766XlxQ&utm_medium=api&utm_source=e9841bd4&v=5E8381E596F65013E605E6F6973F68C7FA857035,Adzuna API,2026-09-04,Remote / Nationwide,Pan-India,India,2
5867036131,Azure data engineer - F2F discussion - Chennai,Tata Consultancy Services,"Chennai, Tamil Nadu",Not Specified,Unknown,"Greetings from Tata Consultancy Services (TCS) What we are looking for: Azure data engineer Location : Chennai Interview Mode : F2F discussion Exp : 5 Years Design, develop, and maintain scalable data pipelines and data integration solutions using Azure cloud services. Build and manage ETL/ELT processes using Azure Data Factory (ADF), Azure Databricks, and Azure Synapse Analytics . Develop and optimize data lakes and data warehouses using Azure Data Lake Storage (ADLS), Synapse, and SQL databas…",SQL,2026-09-02,https://www.adzuna.in/land/ad/5867036131?se=NABuKHGo8RGgj8B766XlxQ&utm_medium=api&utm_source=e9841bd4&v=C48C5706049EB6DA33F6189F3349ED33FD35CA25,Adzuna API,2026-09-04,Chennai,Tamil Nadu,India,1
5864428383,PHP Developer- Laravel,Progenesis IVF Fertility Center,"Thane, Maharashtra",Not Specified,Unknown,"The ideal candidate is a highly resourceful and innovative developer with extensive experience in the layout, design and coding of websites specifically in PHP format. You must also possess a strong knowledge of web application development using PHP programming language and MySQL Server databases. Responsibilities Perform a mix of maintenance, enhancements, and new development as required Work in a data analyst role and with business intelligence applications Document features, technical specif…",,2026-09-01,https://www.adzuna.in/land/ad/5864428383?se=NABuKHGo8RGgj8B766XlxQ&utm_medium=api&utm_source=e9841bd4&v=84F86766FFD2E099F66D6575475FF3AAEFE224E7,Adzuna API,2026-09-04,Thane,Maharashtra,India,0
5864443205,Data Ingestion Engineer,EVERSANA,India,Not Specified,Unknown,"We are seeking a highly skilled and motivated Data Ingestion Engineer to join our data platform team. This role involves building and maintaining scalable, reliable, and secure data pipelines that power analytics, reporting, and decision-making across the organization. You will work with tools like Azure Data Factory (ADF), dbt, PostgreSQL, Snowflake, SQL and Python to enable smooth data ingestion, transformation, and delivery across cloud and on-premise systems. Key Responsibilities: • Design,…",SQL; Python,2026-09-01,https://www.adzuna.in/land/ad/5864443205?se=VPy4KnGo8RGogquEo3zAlQ&utm_medium=api&utm_source=e9841bd4&v=3CD161DF9B26434E4C1D251BF40394AF965633DB,Adzuna API,2026-09-04,Remote / Nationwide,Pan-India,India,2
5864430870,Data Engineer,EXL,India,Not Specified,Unknown,"About the Role We are looking for a highly skilled AWS Data Engineer to design, build, and optimize scalable data solutions on AWS cloud. The ideal candidate should have strong expertise in data engineering, ETL/ELT development, cloud-native architectures, and modern data warehousing technologies. Key Responsibilities Design, develop, and maintain scalable data pipelines on AWS. Build and optimize ETL/ELT processes for structured and unstructured data. Develop data ingestion frameworks from mul…",,2026-09-01,https://www.adzuna.in/land/ad/5864430870?se=VPy4KnGo8RGogquEo3zAlQ&utm_medium=api&utm_source=e9841bd4&v=A3E7642746CEFD231E55AF3945F31DC2BC9ED8AF,Adzuna API,2026-09-04,Remote / Nationwide,Pan-India,India,0
5864423371,Data Engineer - Databricks,Tata Consultancy Services,"Hyderabad, Telangana",Not Specified,Unknown,"Greetings from TCS TCS is hiring Data Engineer (Databricks with Azure) Location – Any Years of Experience – 4-15 years Job Description Role - Senior Data Engineer – Databricks Required Technical Skill Set Databricks, PySpark, Delta Lake, MLflow, Azure, Data Lakehouse architecture, CI/CD, DataOps Job description- • Data Pipeline Development: Design, build, and optimize scalable data pipelines using Azure Data Factory, Azure Databricks, and other Azure services for data ingestion and processing. …",,2026-09-01,https://www.adzuna.in/land/ad/5864423371?se=VPy4KnGo8RGogquEo3zAlQ&utm_medium=api&utm_source=e9841bd4&v=F52EBB2DE91E88646EEC86EEFBDF354740E58D7F,Adzuna API,2026-09-04,Hyderabad,Telangana,India,0
5867037969,Lead Data Engineer,Dautom,India,Not Specified,Unknown,"Client Introduction In this role, you will collaborate closely with one of our esteemed clients—a globally recognized leader in their industry, distinguished by their commitment to excellence, innovation, and delivering exceptional value. As a trusted IT consulting partner, Dautom is supporting their strategic initiatives by connecting them with exceptional talent to drive business growth and transformation. Job Role: Lead Data Analyst Work Location: Remote India Notice Period: Immediate – 30 D…",,2026-09-02,https://www.adzuna.in/land/ad/5867037969?se=VPy4KnGo8RGogquEo3zAlQ&utm_medium=api&utm_source=e9841bd4&v=3E9354D12A8F55BF680CCC675C432A42E535B920,Adzuna API,2026-09-04,Remote / Nationwide,Pan-India,India,0
5864432410,Data Engineer,Data Eminence,India,Not Specified,Unknown,"Join Data Eminence as a remote Data Engineer and help build reliable data pipelines and infrastructure that power analytics and business decisions. You'll work with databases, ETL processes, cloud platforms, and data processing technologies to collect, transform, and organize data. Ideal for entry-level candidates with strong SQL and programming fundamentals. Full Description Data Eminence is seeking a motivated Data Engineer to join our growing data team. In this role, you will help design, de…",SQL,2026-09-01,https://www.adzuna.in/land/ad/5864432410?se=VPy4KnGo8RGogquEo3zAlQ&utm_medium=api&utm_source=e9841bd4&v=98B906DC250BF151733C57E656885CF21BE3EB17,Adzuna API,2026-09-04,Remote / Nationwide,Pan-India,India,1
5837139920,POD Lead_Project Delivery,Capco,India,full_time,Unknown,"This job is with Capco, an inclusive employer and a member of myGwork – the largest global platform for the LGBTQ business community. Please do not contact the recruiter directly. Job Title: Data Analyst (Python Pyspark) About Us “Capco, a Wipro company, is a global technology and management consulting firm. Awarded with Consultancy of the year in the British Bank Award and has been ranked Top 100 Best Companies for Women in India 2022 by Avtar & Seramount . With our presence across 32 cities a…",Python,2026-08-12,https://www.adzuna.in/land/ad/5837139920?se=VPy4KnGo8RGogquEo3zAlQ&utm_medium=api&utm_source=e9841bd4&v=7D606BC3C4792F4F8D265281E39DE41A2C261E35,Adzuna API,2026-09-04,Remote / Nationwide,Pan-India,India,1
5867264957,Senior Data Engineer,Perficient India,India,full_time,Unknown,"We are looking for a Lead Azure Databricks Engineer Locations : Hyderabad |Bangalore | Chennai | Pune | Nagpur Experience: 7 Years Employment Type: Full-time | Hybrid (3 days work from office) Interview Mode: Virtual followed by mandatory in-person Notice Period : Immediate Joiners Only Job Title: Azure Databricks Engineer (Senior/Lead/Architect) Job Description: We are looking for a skilled Data Engineer with strong expertise in Azure Databricks, PySpark, SQL, and Python to join our team. The …",SQL; Python,2026-09-02,https://www.adzuna.in/land/ad/5867264957?se=VPy4KnGo8RGogquEo3zAlQ&utm_medium=api&utm_source=e9841bd4&v=A42D25A5333440D5C9583AAF1E12004A5E49921B,Adzuna API,2026-09-04,Remote / Nationwide,Pan-India,India,2
5846723639,Senior People Analyst,Wise,"Hyderabad, Telangana",full_time,Unknown,"This job is with Wise, an inclusive employer and a member of myGwork – the largest global platform for the LGBTQ business community. Please do not contact the recruiter directly. Wise is a global technology company, building the best way to move and manage the world’s money. Min fees. Max ease. Full speed. Whether people and businesses are sending money to another country, spending abroad, or making and receiving international payments, Wise is on a mission to make their lives easier and save t…",,2026-08-18,https://www.adzuna.in/land/ad/5846723639?se=VPy4KnGo8RGogquEo3zAlQ&utm_medium=api&utm_source=e9841bd4&v=36A1DC37A199ACB77D77BBBCF743B72B5A52395F,Adzuna API,2026-09-04,Hyderabad,Telangana,India,0
5864435809,Data Engineer,Eloelo,"Bangalore, Karnataka",Not Specified,Unknown,"About Eloelo Group Eloelo Group is one of India's fastest-growing consumer technology companies, building category-defining products at the intersection of content, technology, and culture. The Group's flagship products — Story TV in micro-drama and Master in micro-learning — have together placed two Eloelo apps in India's Top 10, reaching over 100 million Indians who consume short-form vertical content every day. Story TV is India's leading micro-drama platform, with 10M users and 500 original…",,2026-09-01,https://www.adzuna.in/land/ad/5864435809?se=VPy4KnGo8RGogquEo3zAlQ&utm_medium=api&utm_source=e9841bd4&v=20BAD0F7FF1E351206951E61E4C6004BEC9CFD4E,Adzuna API,2026-09-04,Bangalore,Karnataka,India,0
5864439568,GCP Data Engineer,HTC Global Services,"Chennai, Tamil Nadu",Not Specified,Unknown,"We are looking for an experienced Data Engineer with strong Python and Google Cloud Platform (GCP) expertise to design, develop, and maintain scalable data pipelines and cloud-based data solutions. The candidate will work closely with data analysts, data scientists, and business stakeholders to build reliable data platforms and enable data-driven decision-making. Key Responsibilities Design, develop, and maintain scalable ETL/ELT data pipelines using Python and GCP services. Develop high-qualit…",Python; Stakeholder Management,2026-09-01,https://www.adzuna.in/land/ad/5864439568?se=VPy4KnGo8RGogquEo3zAlQ&utm_medium=api&utm_source=e9841bd4&v=1F134B3193620C5D005E489E2BDF9051299F7291,Adzuna API,2026-09-04,Chennai,Tamil Nadu,India,2
5859569764,Tech Lead – Data & Analytics,Bandhan Technologies,"Bangalore, Karnataka",Not Specified,Unknown,"Role : Tech Lead / Senior Developer – Data & Analytics Experience: 6-9 Years Location: Bangalore Mode of work: Hybrid Roles & Responsibilities Act as Team Lead / Junior Architect , guiding a team of developers through design decisions, code reviews, and best practices Own end-to-end delivery of data engineering and analytics solutions for clients, from design through implementation and deployment Translate business requirements into scalable, well-architected technical solutions Support pre-sal…",Requirements Gathering,2026-08-28,https://www.adzuna.in/land/ad/5859569764?se=VPy4KnGo8RGogquEo3zAlQ&utm_medium=api&utm_source=e9841bd4&v=CE22DDE7D651AEA047DF346FEB49FA6CFF77B3C3,Adzuna API,2026-09-04,Bangalore,Karnataka,India,1
5864430306,Data Engineering Lead,IndusInd Bank,"Mumbai, Maharashtra",Not Specified,Unknown,"Greetings from IndusInd Bank We are currently hiring for Lead Data Engineer Location- Mumbai Experience- 10 to 17 Yrs Role Details: Lead, design, and build a cloud-native data platform on Azure, with a strong focus on Azure Databricks and modern data engineering practices. This role requires a hands-on technical leader who can architect scalable solutions while leading a team of Data Engineers and Data Analysts to deliver high-quality data products and insights. Overall, Job Description Data Mo…",,2026-09-01,https://www.adzuna.in/land/ad/5864430306?se=VPy4KnGo8RGogquEo3zAlQ&utm_medium=api&utm_source=e9841bd4&v=FBD1CA6BA04E4F33F91AFEADC32AAA537E31BDE3,Adzuna API,2026-09-04,Mumbai,Maharashtra,India,0
5864424584,AWS Data Engineer,Tata Consultancy Services,"Noida, Ghaziabad",Not Specified,Unknown,"TCS Hiring | Azure Data Engineer | Noida Greetings from Tata Consultancy Services (TCS)! We are looking for As an AWS Data Engineer with strong expertise in Python, PySpark, and AWS Data Services to design, build, and optimize scalable data pipelines and cloud-based data platforms. The ideal candidate should have hands-on experience in big data processing, data integration, cloud migration, and data warehousing solutions on AWS. Job Title- AWS Data Engineer Location - Noida Experience Requir…",Python,2026-09-01,https://www.adzuna.in/land/ad/5864424584?se=VPy4KnGo8RGogquEo3zAlQ&utm_medium=api&utm_source=e9841bd4&v=2CA11728731062040B29006B348C119AFE3A75CC,Adzuna API,2026-09-04,Noida,Ghaziabad,India,1
5864438932,Data Engineer,Mindsprint,"Chennai, Tamil Nadu",Not Specified,Unknown,"We're Hiring! Snowflake Developer Please do find the JD below, Job Description: Snowflake Developer/Engineer A data architecture professional focuses upon collecting information and maintaining proper methodologies for gathering data. He or she also seeks to optimize the way in which organizations analyse information and leverage it. Data architects' skills must allow them to have one eye on big picture strategy while also focusing on solving sophisticated data-related problems. Data architectu…",,2026-09-01,https://www.adzuna.in/land/ad/5864438932?se=VPy4KnGo8RGogquEo3zAlQ&utm_medium=api&utm_source=e9841bd4&v=9FC1F143BE9B1BE21A626C64EE00C01EC7D1ACA4,Adzuna API,2026-09-04,Chennai,Tamil Nadu,India,0
5864434823,Data Storage & Warehousing Senior Analyst [T500-28556],Inspire,"Hyderabad, Telangana",Not Specified,Unknown,"About Inspire Brands: Inspire Brands is disrupting the restaurant industry through digital transformation and operational efficiencies. The company’s technology hub, Inspire Brands Hyderabad Support Center, India, will lead technology innovation and product development for the organization and its portfolio of distinct brands. The Inspire Brands Hyderabad Support Center will focus on developing new capabilities in data science, data analytics, eCommerce, automation, cloud computing, and informa…",Data Analysis,2026-09-01,https://www.adzuna.in/land/ad/5864434823?se=VPy4KnGo8RGogquEo3zAlQ&utm_medium=api&utm_source=e9841bd4&v=250026F579696B22A1C9E6BDF88009641E437199,Adzuna API,2026-09-04,Hyderabad,Telangana,India,1
5864424975,Azure Data Engineer,EXL,"Noida, Ghaziabad",Not Specified,Unknown,"Role - Azure Data Engineer Mandatory Skill - Azure Data Factory, DBT, Snowflake Experience range - 5-8 yrs Location- Noida, Gurgaon, Pune, Bangalore, Hyderabad, Chennai Job Description: Key Responsibilities : o Design and develop ETL/ELT pipelines using Azure Data Factory, Snowflake, and DBT. o Build and maintain data integration workflows from various data sources to Snowflake. o Write efficient and optimized SQL queries for data extraction and transformation. o Work with stakeholders to under…",SQL; Stakeholder Management,2026-09-01,https://www.adzuna.in/land/ad/5864424975?se=VPy4KnGo8RGogquEo3zAlQ&utm_medium=api&utm_source=e9841bd4&v=163261631D27D6F7FA1472B3419BDD9177EDCB52,Adzuna API,2026-09-04,Noida,Ghaziabad,India,2
5846723092,Lead Product Analyst - Operations,Wise,"Hyderabad, Telangana",full_time,Unknown,"This job is with Wise, an inclusive employer and a member of myGwork – the largest global platform for the LGBTQ business community. Please do not contact the recruiter directly. Wise is a global technology company, building the best way to move and manage the world’s money. Min fees. Max ease. Full speed. Whether people and businesses are sending money to another country, spending abroad, or making and receiving international payments, Wise is on a mission to make their lives easier and save t…",,2026-08-18,https://www.adzuna.in/land/ad/5846723092?se=VPy4KnGo8RGogquEo3zAlQ&utm_medium=api&utm_source=e9841bd4&v=B940BEEC26331667C9DC28B66C0BC3F43D244E9B,Adzuna API,2026-09-04,Hyderabad,Telangana,India,0
5867222082,Fivetran Data Engineer,Straive,India,Not Specified,Unknown,"Job Title: Fivetran Data Engineer Experience-2 to 4 Years Location:Remote Job Summary We are looking for a skilled Fivetran Data Engineer to design, develop, and manage cloud-based data integration pipelines using Fivetran . The ideal candidate should have experience building scalable ELT pipelines, integrating data from multiple sources into cloud data warehouses, and supporting modern data platforms. The role requires collaboration with Data Engineers, Analytics teams, and Business stakeholde…",,2026-09-02,https://www.adzuna.in/land/ad/5867222082?se=VPy4KnGo8RGogquEo3zAlQ&utm_medium=api&utm_source=e9841bd4&v=308C74901CD9081268AF90001C54DE546C6F8A7A,Adzuna API,2026-09-04,Remote / Nationwide,Pan-India,India,0
5867265799,Senior Executive - MIS & Analytics,Atain,India,Not Specified,Unknown,"Assistant Manager – People Analytics | Power BI Developer Level: Sr Exec/Assistant Manager Contract : 6months Role Overview We are looking for a hands-on Power BI Developer / Data Analyst to build People Analytics dashboards, integrate data from multiple sources and generate actionable insights. This is a technical individual contributor role with a strong focus on Power BI, data modelling, visualization and analytics. Key Responsibilities Develop and maintain interactive Power BI dashboards fo…",Power BI,2026-09-02,https://www.adzuna.in/land/ad/5867265799?se=VPy4KnGo8RGogquEo3zAlQ&utm_medium=api&utm_source=e9841bd4&v=FA22E686744C5216D999F8C562941F773A7ABBCB,Adzuna API,2026-09-04,Remote / Nationwide,Pan-India,India,1
5864439271,Data Engineer-ADF,"Prudent Technologies and Consulting, Inc.","Hyderabad, Telangana",Not Specified,Unknown,"Define, Design, and Build an optimal data pipeline architecture to collect data from a variety of sources, cleanse, and organize data in SQL & NoSQL destinations (ELT & ETL Processes). Define and Build business use case-specific data models that can be consumed by Data Scientists and Data Analysts to conduct discovery and drive business insights and patterns. Identify, design, and implement internal process improvements: automating manual processes, optimizing data delivery, re-designing infras…",SQL,2026-09-01,https://www.adzuna.in/land/ad/5864439271?se=VPy4KnGo8RGogquEo3zAlQ&utm_medium=api&utm_source=e9841bd4&v=9A6CDC6FCC3125BDD452D802785FAABF05535EFB,Adzuna API,2026-09-04,Hyderabad,Telangana,India,1
5852164425,Senior Analyst - Internal Audit,Wise,"Hyderabad, Telangana",full_time,Unknown,"This job is with Wise, an inclusive employer and a member of myGwork – the largest global platform for the LGBTQ business community. Please do not contact the recruiter directly. Wise is a global technology company, building the best way to move and manage the world’s money. Min fees. Max ease. Full speed. Whether people and businesses are sending money to another country, spending abroad, or making and receiving international payments, Wise is on a mission to make their lives easier and save t…",,2026-08-22,https://www.adzuna.in/land/ad/5852164425?se=VPy4KnGo8RGogquEo3zAlQ&utm_medium=api&utm_source=e9841bd4&v=475302999EA43BCC908B3B261E2AD4C6A04D15C7,Adzuna API,2026-09-04,Hyderabad,Telangana,India,0
5857168424,Case Processing Associate,Aptita,"Mumbai, Maharashtra",Not Specified,Unknown,"Position: SPE/SME / TL: Data Analyst- Case Processing Associate Location: Target Location - Mumbai, Pune, Hyderabad and Bangalore. All are work from OFFICE positions. SPE:Book-in, full data entry, narrative writing/I-Narrative, medical coding, product coding, self-check of online QC tool, un-blinding (if required), case routing, case lock/closure where applicable, and labeling including USPI labeling.Graduate/Postgraduate/Doctorate degree in Life sciences/Pharmacy/Medical sciences or equivalent…",,2026-08-26,https://www.adzuna.in/land/ad/5857168424?se=VPy4KnGo8RGogquEo3zAlQ&utm_medium=api&utm_source=e9841bd4&v=BA3C3FC09AFC15BF4C94CBBFFB9F99F7E8FAA93D,Adzuna API,2026-09-04,Mumbai,Maharashtra,India,0
5864441497,Data Engineer - Databricks Focus,Allison Transmission,India,Not Specified,Unknown,"We are seeking an experienced Data Engineer to join our growing data team and play a key role in modernizing our analytics platform. In 2026, we will be executing a large-scale migration and rehydration of ~500 existing Power BI reports, including re-connecting and optimizing data sources in a new Lakehouse environment. Key Responsibilities Design, build, and maintain scalable data pipelines using Databricks (Delta Lake, Unity Catalog, Spark). Lead or significantly contribute to the migration a…",Power BI,2026-09-01,https://www.adzuna.in/land/ad/5864441497?se=VPy4KnGo8RGogquEo3zAlQ&utm_medium=api&utm_source=e9841bd4&v=58511B2A4FF7ED351F570203759F54E439D67DE7,Adzuna API,2026-09-04,Remote / Nationwide,Pan-India,India,1
5846723609,"Product Analyst – Operations Reference Data, AVP",Deutsche Bank,"Bangalore, Karnataka",full_time,Unknown,"This job is with Deutsche Bank, an inclusive employer and a member of myGwork – the largest global platform for the LGBTQ business community. Please do not contact the recruiter directly. Position Overview Role Description The Product Reference Data Service team sits within Operations Reference Data Services and is responsible for providing accurate and timely product reference data for the Bank. pRDS provides product data for all divisions of the Bank (IB/CB/PB) and deals with stakeholder acro…",,2026-08-18,https://www.adzuna.in/land/ad/5846723609?se=VPy4KnGo8RGogquEo3zAlQ&utm_medium=api&utm_source=e9841bd4&v=063156DD23150BBCAF81505F2DE895A6040C5342,Adzuna API,2026-09-04,Bangalore,Karnataka,India,0
5867263603,Content Writer,Collegedunia,India,Not Specified,Unknown,"About your new company Collegedunia is an education portal, matching students with the best colleges in India abroad. We help in college research, exam prep tips, application process & also provide insights on-campus life. Launched in 2014, we are the highest ranked portal by Similar Web in education. We have also been awarded as - Best Educational Portal by IAMAI in 2017, and listed by TechinAsia as Top 100 Startups in Asia. Collegedunia is fuelled by the energy of over a 1000 individuals havi…",,2026-09-02,https://www.adzuna.in/land/ad/5867263603?se=VPy4KnGo8RGogquEo3zAlQ&utm_medium=api&utm_source=e9841bd4&v=32E17D406CECC89A294421368659C9AB781DB739,Adzuna API,2026-09-04,Remote / Nationwide,Pan-India,India,0
5864427382,Python Technical Lead,JRD Systems,"Bangalore, Karnataka",Not Specified,Unknown,"What’s in it for you: We are looking for an innovative, mission-driven Technical Lead with strong backend engineering, data pipeline, design, and architecture experience to make a significant impact by designing and delivering AWS cloud-native solutions that enable analysts to forecast long- and short-term trends in the automotive industry. This role requires hands-on technical depth, proven experience in solution design and system architecture, and the ability to lead engineering teams in a fa…",,2026-09-01,https://www.adzuna.in/land/ad/5864427382?se=VPy4KnGo8RGogquEo3zAlQ&utm_medium=api&utm_source=e9841bd4&v=28E51369C4DC5423C213C0BA6BF6A0E20923971B,Adzuna API,2026-09-04,Bangalore,Karnataka,India,0
5864439916,LEAD DATA ENGINEER,Eucloid Data Solutions,"Chennai, Tamil Nadu",Not Specified,Unknown,"Job Description Eucloid is looking for a Lead Data Engineer to join our Data Platform team supporting various business applications. The ideal candidate will support development of data infrastructure for our clients by participating in activities which may include starting from up- stream and down-stream technology selection to designing and building of different components. Candidate will also involve in projects like integrating data from various sources, managing big data pipelines that are…",,2026-09-01,https://www.adzuna.in/land/ad/5864439916?se=VPy4KnGo8RGogquEo3zAlQ&utm_medium=api&utm_source=e9841bd4&v=2B52CFE98AC872D40CE4AD16C7E86182B8A61F4D,Adzuna API,2026-09-04,Chennai,Tamil Nadu,India,0
5864437606,Senior / Lead Data Engineer,Eucloid Data Solutions,"Chennai, Tamil Nadu",Not Specified,Unknown,"Job Description Eucloid is looking for a Lead Data Engineer to join our Data Platform team supporting various business applications. The ideal candidate will support development of data infrastructure for our clientsby participating in activities which may includestarting from up- stream and down-stream technology selection to designingand building of different components. Candidate will also involve in projects like integrating data from various sources, managing big data pipelines that are ea…",,2026-09-01,https://www.adzuna.in/land/ad/5864437606?se=VPy4KnGo8RGogquEo3zAlQ&utm_medium=api&utm_source=e9841bd4&v=C0EBEDA7C7399689D25BF112207B1BDE43BC7EDE,Adzuna API,2026-09-04,Chennai,Tamil Nadu,India,0
5868789369,Lead Data Engineer,Andor Tech,India,Not Specified,Unknown,"HIRING: Senior Data Engineer – Corporate Banking Data | REMOTE We are looking for an experienced Senior Data Engineer with 8 years of overall experience to work on enterprise-scale Corporate Banking & Credit Risk data platforms . Location: Remote / Work From Home Experience: 8 Years – MUST ⚡ Joining: Immediate Joiners ONLY Mandatory Skills ✅ Strong understanding of Corporate Banking Data Domains – Customers, Facilities, Limits, Collateral, Covenants, Ratings & Credit Applications ✅ Strong …",,2026-09-03,https://www.adzuna.in/land/ad/5868789369?se=VPy4KnGo8RGogquEo3zAlQ&utm_medium=api&utm_source=e9841bd4&v=820E8AD175D5F1C0AE37AE62F91C56E307B11EA2,Adzuna API,2026-09-04,Remote / Nationwide,Pan-India,India,0
5861819020,Business Development Executive,Uptrail,India,full_time,Unknown,"Company Overview Uptrail is a UK-based career accelerator that supports students, job seekers, and early-career professionals as they confidently transition into the tech industry. We offer structured, hands-on programmes in data science, software development, cyber security, and cloud engineering designed to bridge the gap between academic learning and real-world experience. Open to both UK-based and international participants, Uptrail is dedicated to developing the next generation of data ana…",,2026-08-30,https://www.adzuna.in/land/ad/5861819020?se=VPy4KnGo8RGogquEo3zAlQ&utm_medium=api&utm_source=e9841bd4&v=04BF8530303C521E3E56B919D5F04244A95C7A83,Adzuna API,2026-09-04,Remote / Nationwide,Pan-India,India,0
5864426058,Data Engineer,ALIANDO,India,full_time,Unknown,"Job Title: Data Engineer Position Type: Full Time Location: India Remote Company Overview ALIANDO, is an award-winning Azure Expert Managed Service solutions company focused on selling and deploying Microsoft technologies for U.S. and international companies. For over 20 years, Microsoft and its partners have recommended ALIANDO, for licensing, consulting, and managed services to corporations large and small. The company offers competitive pay and comprehensive employee benefits, including heal…",,2026-09-01,https://www.adzuna.in/land/ad/5864426058?se=VPy4KnGo8RGogquEo3zAlQ&utm_medium=api&utm_source=e9841bd4&v=8EFC475E256474D27824800489AFCA3D759AC422,Adzuna API,2026-09-04,Remote / Nationwide,Pan-India,India,0
5864425045,Data Specialist,HighRadius,"Hyderabad, Telangana",Not Specified,Unknown,"Be a part of the CEO's vision for the next generation of performance management. As a Data Analyst on the AutoPH team, you will be responsible for collecting, analyzing, and interpreting data to help optimize AutoPH processes, improve system accuracy, and support decision-making. This role involves working with large datasets from various systems and tools, identifying trends, generating reports, and providing actionable insights to support operational, project, and business objectives. Key Res…",,2026-09-01,https://www.adzuna.in/land/ad/5864425045?se=VPy4KnGo8RGogquEo3zAlQ&utm_medium=api&utm_source=e9841bd4&v=AC3DA656B59EF21E3BA75E6C37047984C3298851,Adzuna API,2026-09-04,Hyderabad,Telangana,India,0
5867263656,Technical Content Writer,Collegedunia,India,Not Specified,Unknown,"About Collegedunia Collegedunia is an education portal matching students with the best colleges in India & abroad. We help with college research, exam prep tips, the application process, and insights on campus life. Launched in 2014, we are the highest-ranked portal by SimilarWeb in education. We were awarded Best Educational Portal by IAMAI in 2017, and listed by TechInAsia among the Top 100 Startups in Asia . Collegedunia is fueled by the energy of 1000 — data analysts, engineers, designers, …",,2026-09-02,https://www.adzuna.in/land/ad/5867263656?se=VPy4KnGo8RGogquEo3zAlQ&utm_medium=api&utm_source=e9841bd4&v=BFC06ED6E85D354A9582D00223D108E0A0528804,Adzuna API,2026-09-04,Remote / Nationwide,Pan-India,India,0
5864437297,Power BI Consultant,Gantec Corporation,"Chennai, Tamil Nadu",full_time,Unknown,"Power BI Consultant – Production Support & Optimization Full Time | On-Site | Chennai | Immediate Joiner Role Overview We are looking for an experienced Power BI Consultant to support a business-critical reporting environment following a cloud data-platform migration. The role combines hands-on Power BI development, production support, performance optimization, functional analysis, and business stakeholder engagement. Key Responsibilities Support Power BI reports and dashboards during go-live, …",Power BI; Stakeholder Management,2026-09-01,https://www.adzuna.in/land/ad/5864437297?se=VPy4KnGo8RGogquEo3zAlQ&utm_medium=api&utm_source=e9841bd4&v=422A75D049B2D7B615F57C18B5BF70C841A071CB,Adzuna API,2026-09-04,Chennai,Tamil Nadu,India,2
5869803335,Data Analyst,Zorba Consulting India,"Hyderabad, Telangana",full_time,Unknown,"Skillset: Data Analyst Exp: 5 Yrs Location : PAN India SQL DDL and DML skills on structured and non-structured data base • Python- Coding for data parsing, manipulation, aggregation and insight generation • Good working knowledge of Statistics and sample methodologies • Dashboard design and development in Tableau Problem Solving • Understanding the Problem • Data Cleaning and Preparation • Data Interpretation • Data Visualization • Basics of DS / ML • Good working knowledge of Advanced Analytic…",SQL; Python; Statistics; Tableau,2026-09-04,https://www.adzuna.in/details/5869803335?utm_medium=api&utm_source=e9841bd4,Adzuna API,2026-09-04,Hyderabad,Telangana,India,4
5826247065,Data Analyst,Inficore Soft,India,full_time,Unknown,"Data Analyst (Full-Time) Company: Inficore Soft Job Title: Data Analyst Location: India Employment Type: Full-Time Salary: ₹22,000 per month About Inficore Soft Inficore Soft is a technology-driven company focused on delivering innovative software and digital solutions. We are looking for a detail-oriented Data Analyst who can transform raw data into meaningful insights to support business growth and strategic decision-making. Key Responsibilities * Collect, clean, and validate data from multip…",,2026-08-03,https://www.adzuna.in/details/5826247065?utm_medium=api&utm_source=e9841bd4,Adzuna API,2026-09-04,Remote / Nationwide,Pan-India,India,0
4686704238,Data Analyst,Not Specified,"Thiruvananthapuram, Kerala",Not Specified,Unknown,Immediate requirement for the post of Data Analyst on rotation Shift (Male or Female). Persons only willing to work in both shifts need to apply.careers.coretechgmail.comorplease contact 9.4.nine.6.8.1.5.6.3.0,,2024-05-10,https://www.adzuna.in/details/4686704238?utm_medium=api&utm_source=e9841bd4,Adzuna API,2026-09-04,Thiruvananthapuram,Kerala,India,0
5857207887,Data Analyst,Trigent Software Private Limited,"Chauth Ka Barwara, Sawai Madhopur",Not Specified,Unknown,"We are looking for Data Analysts with strong SQL skills, analytical thinking, and a passion for solving business problems through data. The successful candidate will be a proactive team player who can also work independently to deliver high-quality insights and solutions. Strong problem-solving abilities, attention to detail, and effective communication are key requirements. Knowledge of AWS and cloud-based data platforms would be an added advantage. Prior experince in Insurance and related dat…",SQL,2026-08-26,https://www.adzuna.in/details/5857207887?utm_medium=api&utm_source=e9841bd4,Adzuna API,2026-09-04,Chauth Ka Barwara,Sawai Madhopur,India,1
5680120020,Data Analyst,SkySun,India,full_time,Unknown,"Role Overview We are looking for a Data Analyst with strong expertise in Microsoft Excel who can efficiently work with large datasets, formulas, and analytical models. The ideal candidate should be able to transform raw data into meaningful insights , build efficient spreadsheets, and support business decisions through structured analysis and reporting. This role requires someone who is highly detail-oriented, analytical, and extremely efficient in Excel-based data handling. Key Responsibilitie…",Excel,2026-03-27,https://www.adzuna.in/details/5680120020?utm_medium=api&utm_source=e9841bd4,Adzuna API,2026-09-04,Remote / Nationwide,Pan-India,India,1
5858205145,Data Analyst,Cloudester Software LLP,"Sevasi, Vadodara",Not Specified,Unknown,"We are looking for a Data Analyst with 5-6 years of experience for a 3-month contract position in Vadodara . The ideal candidate should have a strong Data Analyst background with the ability to work with Excel, SQL, web-scraped data, and databases , while also being comfortable supporting basic cloud database, software, and data-related troubleshooting activities . Since the application relies heavily on accurate data, the candidate should be able to identify data-related issues and assist user…",SQL; Excel,2026-08-27,https://www.adzuna.in/details/5858205145?utm_medium=api&utm_source=e9841bd4,Adzuna API,2026-09-04,Sevasi,Vadodara,India,2
5693524382,Data Analyst,LRN Corporation,India,full_time,Unknown,"Position: Data Analyst Location: Mumbai, India About LRN: LRN is the world’s leading dedicated ethics and compliance SaaS company, helping more than 30 million people every year navigate complex regional and global regulatory environments and build ethical, responsible cultures. With over 3,000 clients across the US, EMEA, APAC, and Latin America—including some of the world’s most respected and successful brands—we’re proud to be the long-term partner trusted to reduce organizational risk and d…",,2026-04-09,https://www.adzuna.in/details/5693524382?utm_medium=api&utm_source=e9841bd4,Adzuna API,2026-09-04,Remote / Nationwide,Pan-India,India,0
5759267308,Data Analyst,Rentomojo,"Bangalore, Karnataka",full_time,Unknown,"About the Role Data Analyst 2 to 5 years Full Time We are hiring a sharp, analytically rigorous Data Analyst who thrives at the intersection of data engineering, automation, and business storytelling. This is not a pure reporting role. You will architect automated data pipelines, build scalable reporting workflows, and bring a growth marketing mindset to every analysis. If you love turning messy data into clear decisions, this is your seat. Key Responsibilities SQL and Data Infrastructure Desig…",SQL,2026-06-11,https://www.adzuna.in/details/5759267308?utm_medium=api&utm_source=e9841bd4,Adzuna API,2026-09-04,Bangalore,Karnataka,India,1
5858724416,Data Analyst,Garden City Games India Pvt Ltd,"Richmond Town, Bangalore",Not Specified,Unknown,"Responsibilities: A Games Data Analyst will work closely with development studios, game development teams, product managers and internal teams to validate learnings and optimize our games to improve upon a range of KPIs and metrics. You will take responsibility for analytics solutions including designing data pipelines, building dashboards and visualizations, and ad hoc analyses for mobile F2P titles across the Phoenix group of studios. Minimum of 3 years experience in a similar role and/or mus…",,2026-08-28,https://www.adzuna.in/details/5858724416?utm_medium=api&utm_source=e9841bd4,Adzuna API,2026-09-04,Richmond Town,Bangalore,India,0
5849116040,Data Analyst,Time Hack Consulting,"Bangalore, Karnataka",full_time,Unknown,"Role: Data Analyst / Analytics Engineer About the Company A high-growth fintech platform is scaling two core data initiatives: a credit bureau intelligence engine that turns financial signals into automated underwriting logic, and an embedded health membership product distributed across its large lending base. This role sits at the intersection of credit data, user behavior, and multi-channel campaign analytics to power real-time eligibility engines, customer targeting models, and product-mappi…",,2026-08-20,https://www.adzuna.in/details/5849116040?utm_medium=api&utm_source=e9841bd4,Adzuna API,2026-09-04,Bangalore,Karnataka,India,0
5868794175,Data Analyst,Study Group,"Chhprola, Ghaziabad",full_time,Unknown,"Contract type: Full-Time, Permanent. Location: Noida JOB OVERVIEW The Data Analyst is responsible for providing data-driven insights and management information that support strategic and operational decision-making across key business areas. Working closely with a variety of internal and external stakeholders, the role contributes to building a culture where data informs business actions, while also driving improvements in data governance, quality, and accessibility across Study Group. ABOUT TH…",Stakeholder Management,2026-09-03,https://www.adzuna.in/details/5868794175?utm_medium=api&utm_source=e9841bd4,Adzuna API,2026-09-04,Chhprola,Ghaziabad,India,1
5865169472,Data Analyst,Lancesoft Europe,"Chauth Ka Barwara, Sawai Madhopur",Not Specified,Unknown,"Description: Mandatory Skills Strong understanding of Corporate Banking, Credit Risk, Lending, Credit Approval and Limit Management processes. Hands-on experience working on Credit Proposal, ELCM (Enterprise Limit Management), Credit Workflow, Loan Origination, Credit Risk, Limit Management, or Collateral Management platforms. Advanced proficiency in SQL with hands-on experience in data analysis, profiling, reconciliation, validation, and root cause analysis. Strong experience in Business Analy…",SQL; Data Analysis; Process Mapping,2026-09-01,https://www.adzuna.in/details/5865169472?utm_medium=api&utm_source=e9841bd4,Adzuna API,2026-09-04,Chauth Ka Barwara,Sawai Madhopur,India,3
5849923648,Data Analyst,Shuru Technologies Private Limited,"Sanganer, Jaipur",Not Specified,Unknown,"This is a remote position. Shuru is a self-managed technology team specializing in accelerating visions through product, technology, and AI leadership. With a focus on bespoke execution, we deliver impactful solutions that are scalable and designed for success. At Shuru, we deliver mobile solutions that meet and exceed customer expectations. Our collaborative and fast-paced environment encourages creativity and innovation. We are looking for a Senior Reporting Analyst with strong hands-on exper…",,2026-08-21,https://www.adzuna.in/details/5849923648?utm_medium=api&utm_source=e9841bd4,Adzuna API,2026-09-04,Sanganer,Jaipur,India,0
5865286055,Data Quality Engineer,Insight Global,India,Not Specified,Unknown,"Title: Data Quality Analyst Locations: Remote Pay: 10-19 Lakh Per Annum Overview Seeking Data Quality Engineers to support quality assurance efforts across a large enterprise data ecosystem. This team will ensure the accuracy, reliability, and integrity of data as the organization continues its migration and modernization initiatives. Responsibilities Develop and execute data validation and testing strategies Identify data quality issues across complex data pipelines Validate ingestion processe…",,2026-09-02,https://www.adzuna.in/land/ad/5865286055?se=VPy4KnGo8RGogquEo3zAlQ&utm_medium=api&utm_source=e9841bd4&v=7EFF591CD359B512F0F6EAE15A318AE402867946,Adzuna API,2026-09-04,Remote / Nationwide,Pan-India,India,0
5819873638,Data Analyst/ Senior Data Analyst,Dynata,"Noida, Ghaziabad",full_time,Unknown,"Responsibilities Ability to work on low complexity projects independently (Data Validation, Data Delivery &Tabulation/Data Outputs) Understand client requirement specifications and ensure to deliver them in time Organizing and shaping the data through the internal standards Escalate problems to manager for assistance as needed Experience 2-5 years of work experience in market research or equivalent. Knowledge & Skill Knowledge in Microsoft Office(Excel, Word and powerPoint). Knowledge of SPSS K…",Excel,2026-07-29,https://www.adzuna.in/details/5819873638?utm_medium=api&utm_source=e9841bd4,Adzuna API,2026-09-04,Noida,Ghaziabad,India,1
5864428871,GCP Data Engineer - 5 to 10 years -PAN INDIA,Tata Consultancy Services,"Bangalore, Karnataka",Not Specified,Unknown,"Location: PAN INDIA Exp Range: 5 to 10 years Mode of Interview : Online Job Description A Google Cloud Platform (GCP) Data Engineer designs, builds, and maintains scalable data pipelines, data warehouses, and big data solutions on Google Cloud. They transform raw data into clean, accessible formats to power business analytics, reporting, and machine learning models. Key Responsibilities Data Pipeline Development: Build robust ETL/ELT data ingestion and processing workflows using services like C…",,2026-09-01,https://www.adzuna.in/land/ad/5864428871?se=gpTrLHGo8RGogquEo3zAlQ&utm_medium=api&utm_source=e9841bd4&v=6EE9C295551C642CF8E6766A1DF0362261C6CA33,Adzuna API,2026-09-04,Bangalore,Karnataka,India,0
5848641964,"Outreach Analyst – PMU, State Road Safety Lead Agency (SRSLA)",Pahlé India Foundation,India,full_time,Unknown,"About Pahlé India Foundation Pahlé India Foundation (PIF) is a New Delhi-based public policy think-and-action tank founded by Dr. Rajiv Kumar, former Vice Chairman of NITI Aayog. PIF works with central and state governments, multilateral agencies, and institutional partners on policy research, implementation support, and advisory assignments across sectors including governance, transport, infrastructure, and public administration. PIF's Northeast Regional Office, based in Guwahati, leads the Fo…",,2026-08-19,https://www.adzuna.in/land/ad/5848641964?se=gpTrLHGo8RGogquEo3zAlQ&utm_medium=api&utm_source=e9841bd4&v=C65091CBC5F275BE043C1D0C8F3E229CC330B212,Adzuna API,2026-09-04,Remote / Nationwide,Pan-India,India,0
5735463452,Data Analyst,Digital Twin,"Pune, Maharashtra",Not Specified,Unknown,"Job Summary - Data Analyst We are looking to hire a data analyst to join our enterprise customer solutions team. As a Data Analyst, one will take responsibility for developing reports, and troubleshooting data issues. To do well in this role you need attention to detail, past experience as a data analyst, and a deep understanding of the popular data analysis tools and databases. Data Analyst Responsibilities: ● Commissioning and decommissioning of data sets. ● Processing confidential data and i…",Data Analysis,2026-05-21,https://www.adzuna.in/details/5735463452?utm_medium=api&utm_source=e9841bd4,Adzuna API,2026-09-04,Pune,Maharashtra,India,1
1993882092,Data Analyst,SveltetechTechnologies Pvt Ltd,"Delhi, India",full_time,Unknown,"Data Analyst Job Duties Data analyst responsibilities include conducting full lifecycle analysis to include requirements, activities and design. Data analysts will develop analysis and reporting capabilities. They will also monitor performance and quality control plans to identify improvements. Responsibilities Interpret data, analyze results using statistical techniques and provide ongoing reports Develop and implement databases, data collection systems, data analytics and other strategies tha…",Data Analysis,2021-02-15,https://www.adzuna.in/details/1993882092?utm_medium=api&utm_source=e9841bd4,Adzuna API,2026-09-04,Delhi,India,India,1
5868120206,Data Analyst,Reliance Games,"Pune, Maharashtra",Not Specified,Unknown,"Develop complex queries and procedures to extract data for game analytics. Create dashboards on a daily basis handling multiple games simultaneously. Present the insights and findings to key stakeholders. Work closely with Product Managers to identify analytical questions. Work independently on the assigned tasks. Assist in development of processes to automate data analysis. Learn and adapt to new methods, tools and technologies. Relevant experience in SQL Querying, Data Analysis using Microsof…",SQL; Data Analysis; Stakeholder Management,2026-09-03,https://www.adzuna.in/details/5868120206?utm_medium=api&utm_source=e9841bd4,Adzuna API,2026-09-04,Pune,Maharashtra,India,3
4514376622,Data Analyst,Qrata,"Delhi, India",full_time,Unknown,"Job Title: Data Analyst Job Brief: The successful candidate will turn data into information, information into insight and insight into business decisions. Data Analyst Job Duties Data analyst responsibilities include conducting full lifecycle analysis to include requirements, activities and design. Data analysts will develop analysis and reporting capabilities. They will also monitor performance and quality control plans to identify improvements. About Us We began in 2015 with an entrepreneuria…",,2024-01-07,https://www.adzuna.in/details/4514376622?utm_medium=api&utm_source=e9841bd4,Adzuna API,2026-09-04,Delhi,India,India,0
5146507084,Data Analyst,Amicus Therapeutics,"Bangalore, Karnataka",full_time,Unknown,"Position Description Data Analyst Location: Remote/Bangalore Amicus Therapeutics is a global, patient-dedicated biotechnology company focused on discovering, developing and delivering high-quality medicines for people living with rare metabolic diseases. Position Summary Data analyst responsibilities include conducting full lifecycle analysis to include requirements, activities and design. Data analysts will develop analysis and reporting capabilities. They will also monitor performance and qua…",,2025-04-16,https://www.adzuna.in/details/5146507084?utm_medium=api&utm_source=e9841bd4,Adzuna API,2026-09-04,Bangalore,Karnataka,India,0
5744868780,Data Analyst,Amicus India,"Bangalore, Karnataka",full_time,Unknown,"Data Analyst Location: Remote/Bangalore Amicus Therapeutics is a global, patient-dedicated biotechnology company focused on discovering, developing, and delivering high-quality medicines for people living with rare metabolic diseases. Position Summary Data analyst responsibilities include conducting full lifecycle analysis to include requirements, activities and design. Data analysts will develop analysis and reporting capabilities. They will also monitor performance and quality control plans t…",,2026-05-30,https://www.adzuna.in/details/5744868780?utm_medium=api&utm_source=e9841bd4,Adzuna API,2026-09-04,Bangalore,Karnataka,India,0
5850375334,Data Analyst,TechnoGen,"Hyderabad, Telangana",Not Specified,Unknown,"Bachelor's degree or equivalent in Information Technology, Computer Science, CIS, Engineering, or Math 5 year's proven working experience as a data analyst or business data analyst 3 years' Experience with BI Solutions (Micro Strategy, Looker, Tableau), databases (SQL), programming (Python, XML, JavaScript, or ETL frameworks) Technical experience regarding data models, database design development, data mining and segmentation techniques Knowledge of statistics and experience analyzing datasets …",SQL; Python; Statistics; Tableau; Looker,2026-08-21,https://www.adzuna.in/details/5850375334?utm_medium=api&utm_source=e9841bd4,Adzuna API,2026-09-04,Hyderabad,Telangana,India,5
4514376189,Data Analyst,Qrata,"Delhi, India",full_time,Unknown,"Job Title Data Analyst Job Brief The successful candidate will turn data into information, information into insight and insight into business decisions. Data Analyst Job Duties Data analyst responsibilities include conducting full lifecycle analysis to include requirements, activities and design. Data analysts will develop analysis and reporting capabilities. They will also monitor performance and quality control plans to identify improvements. Responsibilities ● Interpret data, analyze results…",,2024-01-07,https://www.adzuna.in/details/4514376189?utm_medium=api&utm_source=e9841bd4,Adzuna API,2026-09-04,Delhi,India,India,0
5794938967,Data Analyst,Aliqan Services,"Chennai, Tamil Nadu",Not Specified,Unknown,"Data Analyst (6 years) Insurance domain for 3-4 Years Proficiency in data querying, reporting, and visualization tools Role: Other Industry Type: Insurance Department: Other Employment Type: Full Time, Permanent Role Category: Other Education UG: B.Tech/B.E. in Any Specialization Skills: Data Visualization, data reporting, Data Analyst Experience: 6.00-10.00 Years",,2026-07-10,https://www.adzuna.in/details/5794938967?utm_medium=api&utm_source=e9841bd4,Adzuna API,2026-09-04,Chennai,Tamil Nadu,India,0
5794938966,Data Analyst,Aliqan Services,"Gurgaon, Haryana",Not Specified,Unknown,"Data Analyst (6 years) Insurance domain for 3-4 Years Proficiency in data querying, reporting, and visualization tools Role: Other Industry Type: Insurance Department: Other Employment Type: Full Time, Permanent Role Category: Other Education UG: B.Tech/B.E. in Any Specialization Skills: Data Visualization, data reporting, Data Analyst Experience: 6.00-10.00 Years",,2026-07-10,https://www.adzuna.in/details/5794938966?utm_medium=api&utm_source=e9841bd4,Adzuna API,2026-09-04,Gurgaon,Haryana,India,0
5586444744,Data Analyst,InTouch CX,"Hyderabad, Telangana",Not Specified,Unknown,"About the Job We are looking for a Data Analyst who is a self-starter with the ability to work in a fast-paced, performance driven environment. The incumbent will be responsible for the analysis and reporting of operational related data in an on-going effort to increase visibility for program performance. As Data Analyst, You Will… Collect, analyze, evaluate and report data in order to increase visibility into performance for all lines of business within 24-7 Intouch Complete projects and ad-ho…",,2026-01-16,https://www.adzuna.in/details/5586444744?utm_medium=api&utm_source=e9841bd4,Adzuna API,2026-09-04,Hyderabad,Telangana,India,0
5728436260,Data analyst,RECEX,"Kolkata, West Bengal",full_time,Unknown,"Job Description: Job Title: Data Analyst Job Description: We are looking for a skilled Data Analyst to collect, analyze, and interpret large datasets to help drive business decisions. The ideal candidate will have strong analytical skills, attention to detail, and experience with data visualization tools. Key Responsibilities: Analyze data to identify trends and insights. Create dashboards and reports for internal stakeholders. Collaborate with teams to understand data needs. Ensure data accura…",Stakeholder Management,2026-05-14,https://www.adzuna.in/details/5728436260?utm_medium=api&utm_source=e9841bd4,Adzuna API,2026-09-04,Kolkata,West Bengal,India,1
5781956186,Data Analyst,Sole Point,"Gujarat, India",Not Specified,Unknown,"Data Analyst We are seeking a motivated and detail-oriented Data Analyst to join our growing team. The ideal candidate will have a passion for uncovering insights from data and translating them into actionable recommendations. You will be responsible for collecting, cleaning, analyzing, and visualizing data to support business decisions. Responsibilities: Collect and interpret data from various sources. Develop and implement data collection systems and strategies that optimize efficiency and da…",,2026-06-30,https://www.adzuna.in/details/5781956186?utm_medium=api&utm_source=e9841bd4,Adzuna API,2026-09-04,Gujarat,India,India,0
4966721625,Data Analyst,Fatakpay,India,full_time,Unknown,"Job Title : Data Analyst-Fintech Job Description : We are seeking a highly motivated and detail-oriented Data Analyst with 2 to 4 years of work experience to join our team. The ideal candidate will have a strong analytical mindset, excellent problem-solving skills, and a passion for transforming data into actionable insights. In this role, you will play a pivotal role in gathering, analyzing, and interpreting data to support informed decision-making and drive business growth. Key Responsibiliti…",,2024-12-07,https://www.adzuna.in/details/4966721625?utm_medium=api&utm_source=e9841bd4,Adzuna API,2026-09-04,Remote / Nationwide,Pan-India,India,0
5781956391,Data Analyst,Credeau,"Maharashtra, India",Not Specified,Unknown,"Job Description — Beginner Data Analyst Job Title Junior Data Analyst / Data Analyst Intern Location Mumbai / Remote / Hybrid Profile 1: Data Scientist Role Work on ML models, analytics, NLP, and data-driven products across financial services and compliance domains. Responsibilities Build and evaluate ML models Analyze data using SQL & Python Perform data cleaning, preprocessing, and feature engineering Work on NLP/LLM use cases Collaborate with product & engineering teams Skills Python, SQL, s…",SQL; Python,2026-06-30,https://www.adzuna.in/details/5781956391?utm_medium=api&utm_source=e9841bd4,Adzuna API,2026-09-04,Maharashtra,India,India,2
5846549911,Data Analyst,FE fundinfo,"Chennai, Tamil Nadu",full_time,Unknown,"FE fundinfo is a global leader in investment fund data and technology. We are proud of our vast, diverse, and highly skilled team, who help to make our industry Better Connected and Better Informed. Our Engineering & Data Management function design, build and deploy software products for a wide range of financial market clients with a primary focus on the fund data value chain. Our agile teams come together as global solution providers using the latest tools and innovative techniques. As a Data…",Agile,2026-08-18,https://www.adzuna.in/details/5846549911?utm_medium=api&utm_source=e9841bd4,Adzuna API,2026-09-04,Chennai,Tamil Nadu,India,1
5741536696,Data Analyst,RECEX,"Vasai, Thane",full_time,Unknown,"Job Description: *]:pointer-events-auto R6Vx5W_threadScrollVars scroll-mb-[calc(var(scroll-root-safe-area-inset-bottom,0px)var(thread-response-height))] scroll-mt-[calc(var(header-height)min(200px,max(70px,20svh)))]"" data-scroll-anchor=""false"" data-testid=""conversation-turn-2"" data-turn=""assistant"" data-turn-id=""request-WEB:a09f2817-6254-4ccc-9fb6-39e39dbcb8e3-0"" data-turn-id-container=""request-WEB:a09f2817-6254-4ccc-9fb6-39e39dbcb8e3-0"" dir=""auto""> Job Description – Data Analyst Position: Data…",,2026-05-27,https://www.adzuna.in/details/5741536696?utm_medium=api&utm_source=e9841bd4,Adzuna API,2026-09-04,Vasai,Thane,India,0
1171509680,Data Analyst,Malaysian Global Innovation and Creativity Centre,India,full_time,Unknown,"MaGIC Technology and Product team is looking for a data analyst to help expand and improve data on startups, investors, and founders in the ASEAN region. As part of the data team on our Startup Database product, you will assist in maintaining the accuracy of information on startups and investors, and continuously update our repository with latest publicly available data on the same. The job offers a high degree of autonomy and will also see you playing a leading role in the analysis of the data…",,2019-06-05,https://www.adzuna.in/details/1171509680?utm_medium=api&utm_source=e9841bd4,Adzuna API,2026-09-04,Remote / Nationwide,Pan-India,India,0
5586566169,Data Analyst,In Touch,"Hyderabad, Telangana",Not Specified,Unknown,"About the Job Join us in transforming the perception of customer service! We are seeking a dedicated Data Analyst to analyze and report on operational data, enhancing program performance visibility. This role is vital in contributing to various projects and performing ad-hoc analyses, providing timely insights that support strategic decision-making. If you are passionate about data and eager to make a significant impact, we invite you to apply! As Data Analyst, You Will… Collect and organize la…",,2026-01-16,https://www.adzuna.in/details/5586566169?utm_medium=api&utm_source=e9841bd4,Adzuna API,2026-09-04,Hyderabad,Telangana,India,0
5848337096,Data Analyst,Precision Medicine Group,India,Not Specified,Unknown,"The Data Analyst supports client business processes and operations activities to ensure on-time and high-quality deliverables. Data Analyst combines best-in-class operational and analytic skills with strong problem-solving and communication abilities to projects, solving operational and analytical business problems. You will collaborate with and work closely with Senior Data Analyst & Operations Delivery Lead to deliver operational items. Essential functions of the job include but are not limit…",,2026-08-19,https://www.adzuna.in/details/5848337096?utm_medium=api&utm_source=e9841bd4,Adzuna API,2026-09-04,Remote / Nationwide,Pan-India,India,0
1712428599,Data Analyst,Namaste Credit,"Bangalore, Karnataka",full_time,Unknown,"About the Role The following Job Specification is intended to reflect the nature, range and context of the work. It identifies the main requirements of the job but is not an exhaustive list of duties. The Data Analyst role is a vital role as to be a sole point of contact responsible for closely working with various teams internally and closely working with the CTO. This role typically requires the resource to analyse the vast number of datasets and provide a meaningful impact and the result of …",,2020-09-19,https://www.adzuna.in/details/1712428599?utm_medium=api&utm_source=e9841bd4,Adzuna API,2026-09-04,Bangalore,Karnataka,India,0
5503836577,Data Analyst,NAVVYASA CONSULTING PRIVATE LIMITED,India,full_time,Unknown,"About the Role We are looking for a highly skilled Data Analyst or Data Scientist with strong expertise in Python and SQL to join our client’s team. The primary responsibility will be to automate data-driven workflows and processes based on detailed business steps provided by the Product and Business teams. The ideal candidate will bridge the gap between analytics, process understanding, and automation execution. Key Responsibilities ● Collaborate with the Business and Product teams to understa…",SQL; Python,2025-11-20,https://www.adzuna.in/details/5503836577?utm_medium=api&utm_source=e9841bd4,Adzuna API,2026-09-04,Remote / Nationwide,Pan-India,India,2
5831395731,Data Analyst,Whisk Software Private Limited,"Pune, Maharashtra",Not Specified,Unknown,"Expert knowledge of one or more reporting platforms (Tableau, Business Objects, etc.) Expert in constructing and optimizing complex SQL queries across large volumes of data Expert knowledge of one or more data quality management platforms (Informatica IDQ / CDQ, Ataccama, Information Builders) and using that platform to conduct data discovery and analysis Strong analytical skills and an understanding of the appropriate statistical techniques to use under different circumstances Experience desig…",SQL; Tableau,2026-08-07,https://www.adzuna.in/details/5831395731?utm_medium=api&utm_source=e9841bd4,Adzuna API,2026-09-04,Pune,Maharashtra,India,2
5586642440,Data Analyst,InTouch CX,"Hyderabad, Telangana",Not Specified,Unknown,"About the Job We are revolutionizing the way people perceive customer service, and we require your assistance! We are currently seeking a Data Analyst who will be responsible for analyzing and reporting on operational data in an effort to enhance program performance visibility. This role will also contribute to various projects and perform ad-hoc analyses to provide timely information and support for strategic decision-making. As Data Analyst, You Will… Continuously monitor and evaluate data to…",,2026-01-16,https://www.adzuna.in/details/5586642440?utm_medium=api&utm_source=e9841bd4,Adzuna API,2026-09-04,Hyderabad,Telangana,India,0
5849858928,Data analyst,R-Insights Research Company,"Ajmer, Rajasthan",full_time,Unknown,Position – Data Analyst R-Insights Research Company is looking for a Data Analyst to develop insightful and comprehensive data analysis and reporting for social and market research projects. Schedule – Full time Main Responsibilities Methodology design for marketing and social research projects Data collection tool design Programing and testing of online questionnaires Database cleaning and data processing Data analytics and preparation of compelling visualizations Conducting statistical power …,R; Data Analysis,2026-08-20,https://www.adzuna.in/details/5849858928?utm_medium=api&utm_source=e9841bd4,Adzuna API,2026-09-04,Ajmer,Rajasthan,India,2
2500155500,Data Analyst,Reality Premedia Services Pvt Ltd,"Pune, Maharashtra",full_time,Unknown,"We at Reality Premedia pvt ltd is looking for Data Analyst for Pune location. Must have experience in BFSC domain. Exp- Min 3yrs Location- Pune Mandatory Skills- Exp in powerBI/Tableau, SQL Basic Python Skills:- Tableau, PowerBI and Data Analytics",SQL; Python; Data Analysis; Power BI; Tableau,2021-09-29,https://www.adzuna.in/details/2500155500?utm_medium=api&utm_source=e9841bd4,Adzuna API,2026-09-04,Pune,Maharashtra,India,5
5818423330,Data Analyst,Equitas Small Finance Bank,India,full_time,Unknown,"We are looking for a detail-oriented and analytical Data Analyst to join our team. In this role, you will collect, clean, and interpret complex datasets to help leadership and cross-functional teams understand market trends, optimize operations, and solve business challenges. [ 1 , 2 , 3 ]",,2026-07-28,https://www.adzuna.in/details/5818423330?utm_medium=api&utm_source=e9841bd4,Adzuna API,2026-09-04,Remote / Nationwide,Pan-India,India,0
5503284671,Data Analyst,Intelliatx Therapeutics,"Bangalore, Karnataka",full_time,Unknown,"Data Analyst – Job Decription Connecting people with each other and the right information is mission critical. Our Company develops innovative cloud-based technology to make it easier, more effective and more efficient to make the right connections. Our solutions put people in sync with each other and the right information, so they gain the insight needed to reach better decisions on the issues that matter most. We do it with a laser focus on reliability. The Company is a leading provider of te…",,2025-11-19,https://www.adzuna.in/details/5503284671?utm_medium=api&utm_source=e9841bd4,Adzuna API,2026-09-04,Bangalore,Karnataka,India,0
4993547435,Data Analyst,RegisterKaro,India,full_time,Unknown,"Job Description: Data Analyst Position: Data Analyst Location: Gurgaon Experience Level: 1-3 Years Employment Type: Full-Time Role Overview We are looking for a results-driven Data Analyst to join our team and support business decision-making through data insights and analytics. The ideal candidate will be highly proficient in Python, skilled in data visualization tools, and experienced in solving complex problems to drive measurable business outcomes such as revenue growth or cost reduction. K…",Python,2025-01-01,https://www.adzuna.in/details/4993547435?utm_medium=api&utm_source=e9841bd4,Adzuna API,2026-09-04,Remote / Nationwide,Pan-India,India,1
5854880422,Data Analyst,Apex 2000,"Bangalore, Karnataka",Not Specified,Unknown,"We are seeking a meticulous and analytical Data Analyst to manage master data, ensure data quality, and support reporting and analysis initiatives. You will be responsible for overseeing the reporting environment, identifying and revising reporting requirements, and providing technical expertise in data management. This role involves working with confidential data, training end-users, and contributing to data integrity efforts. Roles & Responsibilities: Manage master data, including its creatio…",,2026-08-25,https://www.adzuna.in/details/5854880422?utm_medium=api&utm_source=e9841bd4,Adzuna API,2026-09-04,Bangalore,Karnataka,India,0
5532438214,Data Analyst,Sagility,India,full_time,Unknown,"Sagility combines industry-leading technology and transformation-driven BPM services with decades of healthcare domain expertise to help clients draw closer to their members. The company optimizes the entire member/patient experience through service offerings for clinical, case management, member engagement, provider solutions, payment integrity, claims cost containment, and analytics. Sagility has more than 25,000 employees across 5 countries. ""To conduct data analysis, provide insights, and c…",Data Analysis,2025-12-07,https://www.adzuna.in/details/5532438214?utm_medium=api&utm_source=e9841bd4,Adzuna API,2026-09-04,Remote / Nationwide,Pan-India,India,1
2247134476,Data Analyst,Indium Software,India,full_time,Unknown,"The Data Analyst in the CoE will provide end to end solution development, working in conjunction with the Domain Leads and Technology Partners. He is responsible for the delivery of solutions and solution changes which are driven by the business requirements as well as providing technical and development capabilities. Knowledge Skills:- Apache Synapse, SQL, SAP MDG ( Master Data Governance), Python and Data Analytics",SQL; Python; Data Analysis; Requirements Gathering,2021-06-12,https://www.adzuna.in/details/2247134476?utm_medium=api&utm_source=e9841bd4,Adzuna API,2026-09-04,Remote / Nationwide,Pan-India,India,4
5858131073,Data Analyst,Vikash Technologies,"Delhi, India",full_time,Unknown,"Hiring for Data Analyst Exp : 5 - 7 yrs Edu : BE/B.Tech Work Location : Noida WFO Skills : Expertise in SQL Server, including database design, performance tuning, query optimization, and security. Hands-on experience developing ETL solutions using SSIS, Azure Data Factory (ADF), and Python. Skills:- ADF, Python, SQL, SSIS and ETL",SQL; Python,2026-08-27,https://www.adzuna.in/details/5858131073?utm_medium=api&utm_source=e9841bd4,Adzuna API,2026-09-04,Delhi,India,India,2
5336689191,Data Analyst,EWU,"Coimbatore, Tamil Nadu",full_time,Unknown,"We’re seeking a detail-oriented Data Analyst with proven experience in corporate settings to transform raw data into actionable insights. You’ll collaborate across departments to support strategic decision-making, optimize operations, and enhance business performance through data-driven analysis. Skills:- PowerBI, Tableau, Data Analytics, Dashboard, MS-Office, Data Visualization and Advanced analytics",Data Analysis; Power BI; Tableau,2025-08-04,https://www.adzuna.in/details/5336689191?utm_medium=api&utm_source=e9841bd4,Adzuna API,2026-09-04,Coimbatore,Tamil Nadu,India,3
5832798180,Data Analyst,Milestone Online Technology,"Ahmedabad, Gujarat",Not Specified,Unknown,"Job description Need Data Analysts with good understanding of Python (pandas), Excel, tools like Tableau and Power BI. BTech (CS/IT/EC/EE), MBA, MTech, MCA, BCA, BSc, MSc freshers from 2024, 2023, 2022, 2021 should apply. Candidate should know Data Analytics. Skills: Power Bi, Sql, Python Experience: 0.00-1.00 Years",SQL; Python; Excel; Data Analysis; Power BI; Tableau,2026-08-08,https://www.adzuna.in/details/5832798180?utm_medium=api&utm_source=e9841bd4,Adzuna API,2026-09-04,Ahmedabad,Gujarat,India,6
5832798159,Data Analyst,Milestone Online Technology,"Bangalore, Karnataka",Not Specified,Unknown,"Job description Need Data Analysts with good understanding of Python (pandas), Excel, tools like Tableau and Power BI. BTech (CS/IT/EC/EE), MBA, MTech, MCA, BCA, BSc, MSc freshers from 2024, 2023, 2022, 2021 should apply. Candidate should know Data Analytics. Skills: Power Bi, Sql, Python Experience: 0.00-1.00 Years",SQL; Python; Excel; Data Analysis; Power BI; Tableau,2026-08-08,https://www.adzuna.in/details/5832798159?utm_medium=api&utm_source=e9841bd4,Adzuna API,2026-09-04,Bangalore,Karnataka,India,6
5832798167,Data Analyst,Milestone Online Technology,"Gurgaon, Haryana",Not Specified,Unknown,"Job description Need Data Analysts with good understanding of Python (pandas), Excel, tools like Tableau and Power BI. BTech (CS/IT/EC/EE), MBA, MTech, MCA, BCA, BSc, MSc freshers from 2024, 2023, 2022, 2021 should apply. Candidate should know Data Analytics. Skills: Power Bi, Sql, Python Experience: 0.00-1.00 Years",SQL; Python; Excel; Data Analysis; Power BI; Tableau,2026-08-08,https://www.adzuna.in/details/5832798167?utm_medium=api&utm_source=e9841bd4,Adzuna API,2026-09-04,Gurgaon,Haryana,India,6
5832798187,Data Analyst,Milestone Online Technology,"Lucknow, Uttar Pradesh",Not Specified,Unknown,"Job description Need Data Analysts with good understanding of Python (pandas), Excel, tools like Tableau and Power BI. BTech (CS/IT/EC/EE), MBA, MTech, MCA, BCA, BSc, MSc freshers from 2024, 2023, 2022, 2021 should apply. Candidate should know Data Analytics. Skills: Power Bi, Sql, Python Experience: 0.00-1.00 Years",SQL; Python; Excel; Data Analysis; Power BI; Tableau,2026-08-08,https://www.adzuna.in/details/5832798187?utm_medium=api&utm_source=e9841bd4,Adzuna API,2026-09-04,Lucknow,Uttar Pradesh,India,6
5832798181,Data Analyst,Milestone Online Technology,"Patna, Bihar",Not Specified,Unknown,"Job description Need Data Analysts with good understanding of Python (pandas), Excel, tools like Tableau and Power BI. BTech (CS/IT/EC/EE), MBA, MTech, MCA, BCA, BSc, MSc freshers from 2024, 2023, 2022, 2021 should apply. Candidate should know Data Analytics. Skills: Power Bi, Sql, Python Experience: 0.00-1.00 Years",SQL; Python; Excel; Data Analysis; Power BI; Tableau,2026-08-08,https://www.adzuna.in/details/5832798181?utm_medium=api&utm_source=e9841bd4,Adzuna API,2026-09-04,Patna,Bihar,India,6
5832798158,Data Analyst,Milestone Online Technology,"Kolkata, West Bengal",Not Specified,Unknown,"Job description Need Data Analysts with good understanding of Python (pandas), Excel, tools like Tableau and Power BI. BTech (CS/IT/EC/EE), MBA, MTech, MCA, BCA, BSc, MSc freshers from 2024, 2023, 2022, 2021 should apply. Candidate should know Data Analytics. Skills: Power Bi, Sql, Python Experience: 0.00-1.00 Years",SQL; Python; Excel; Data Analysis; Power BI; Tableau,2026-08-08,https://www.adzuna.in/details/5832798158?utm_medium=api&utm_source=e9841bd4,Adzuna API,2026-09-04,Kolkata,West Bengal,India,6
4855397054,data analyst,Epik Solutions,India,full_time,Unknown,"Job Title: Data Analyst Location: Permanent Work from Home Job Type: Full-Time Job Description: We are seeking a highly motivated and skilled Data Analyst to join our team. The ideal candidate will have a strong background in data analysis, incident management, and real-time data reporting. The role demands exceptional communication skills, both written and spoken, as well as the ability to work flexible shifts to support our global operations. Key Responsibilities: - Perform data analysis to i…",Data Analysis; Communication,2024-09-07,https://www.adzuna.in/details/4855397054?utm_medium=api&utm_source=e9841bd4,Adzuna API,2026-09-04,Remote / Nationwide,Pan-India,India,2
2853927974,Data Analyst,Multi Recruit,"Bangalore, Karnataka",full_time,Unknown,"We are looking for a Business Intelligence (BI)/Data Analyst to create and manage Power Bl and analytics solutions that turn data into knowledge. In this role, you should have a background in data and business analysis. If you are self-directed, passionate about data, and have business acumen and problem-solving aptitude, we'd like to meet you. Ultimately, you will enhance our business intelligence system to help us make better decisions. Requirements and Qualifications BSc/BA in Computer Scien…",,2022-01-30,https://www.adzuna.in/details/2853927974?utm_medium=api&utm_source=e9841bd4,Adzuna API,2026-09-04,Bangalore,Karnataka,India,0
5781956424,Data Analyst,Beworld web services,"Telangana, India",Not Specified,Unknown,"We are looking for a detail-oriented and proactive Data Analyst with around 1 year of experience in a consumer app or product-based environment. The ideal candidate should have strong analytical skills, hands-on experience with SQL and MongoDB, and the ability to work closely with cross-functional teams to drive data-informed decisions. Key Responsibilities Analyze user behavior, product performance, and business metrics for consumer applications. Write efficient SQL queries to extract, transfo…",SQL,2026-06-30,https://www.adzuna.in/details/5781956424?utm_medium=api&utm_source=e9841bd4,Adzuna API,2026-09-04,Telangana,India,India,1
5727143467,Data Analyst,Mantras2Success,"Ahmedabad, Gujarat",full_time,Unknown,"Job Description: Role Overview: We are looking for a detail-oriented Data Analyst who can convert complex data into meaningful insights that help drive business decisions. The ideal candidate should have strong expertise in SQL, Python, and data visualisation tools and experience working with large datasets. Key Responsibilities: Collect, clean, and analyse large datasets to identify trends and patterns. Write complex SQL and MongoDB queries to extract and manipulate data. Build dashboards and …",SQL; Python,2026-05-13,https://www.adzuna.in/details/5727143467?utm_medium=api&utm_source=e9841bd4,Adzuna API,2026-09-04,Ahmedabad,Gujarat,India,2
2433361449,Data Analyst,MSMEx,"Mumbai, Maharashtra",full_time,Unknown,We are looking for a Data Analyst that oversees organisational data analytics. This will require you to design and help implement the data analytics platform that will keep the organisation running. The team will be the go-to for all data needs for the app and we are looking for a self-starter who is hands on and yet able to abstract problems and anticipate data requirements. This person should be very strong technical data analyst who can design and implement data systems on his own. Along wit…,Data Analysis,2021-09-05,https://www.adzuna.in/details/2433361449?utm_medium=api&utm_source=e9841bd4,Adzuna API,2026-09-04,Mumbai,Maharashtra,India,1
2449398766,Data Analyst,Syrencloud,"Hyderabad, Telangana",full_time,Unknown,"Our growing technology firm is looking for an experienced Data Analyst who is able to turn project requirements into custom-formatted data reports. The ideal candidate for this position is able to do complete life cycle data generation and outline critical information for each Project Manager. We also need someone who is able to analyze business procedures and recommend specific types of data that can be used to improve upon them. Skills:- SQL, SAP and Data Analytics",SQL; Data Analysis,2021-09-11,https://www.adzuna.in/details/2449398766?utm_medium=api&utm_source=e9841bd4,Adzuna API,2026-09-04,Hyderabad,Telangana,India,2
5728445327,Data Analyst,RECEX,"Delhi, India",full_time,Unknown,"Job Description: We are seeking a skilled Data Analyst with expertise in Power BI to design and maintain interactive dashboards, analyze complex datasets, and deliver actionable insights. The ideal candidate will have experience in data visualization, report creation, and performance analysis. Strong proficiency in Power BI, SQL, and Excel is essential. The role requires excellent problem-solving abilities, attention to detail, and effective communication to present data findings to stakeholder…",SQL; Excel; Power BI,2026-05-14,https://www.adzuna.in/details/5728445327?utm_medium=api&utm_source=e9841bd4,Adzuna API,2026-09-04,Delhi,India,India,3
5856408833,Data Analyst,Umberto Ceramics International Private Limited,India,Not Specified,Unknown,"Data Analyst We are seeking a Data Analyst to join Ariane Fine Porcelain's operations team. This role centers on extracting, transforming and analyzing data from ERP systems to support production, inventory, quality and finance functions within a ceramics manufacturing environment. The successful candidate will combine domain knowledge of manufacturing with technical ERP and analytics expertise to enable data-driven decisions, improve process efficiency and support ERP optimizations. Responsibi…",,2026-08-26,https://www.adzuna.in/details/5856408833?utm_medium=api&utm_source=e9841bd4,Adzuna API,2026-09-04,Remote / Nationwide,Pan-India,India,0
2890608757,Data Analyst,Fragma Data Systems,India,full_time,Unknown,"Good grasp and hands-on exposure to SQL, Hive. Good to have- Azure cloud, Spark sql. 1. Will be the point of contact for reporting/data management needs and will be responsible to drive complex data analysis and propose improvement opportunities in existing tools and reports. 2. The Data Analyst will be responsible to establish best practices in data management, data visualization, and report distribution. 3. Understanding requirements and converting into technical and business delivers. 4. Lev…",SQL; Data Analysis,2022-02-12,https://www.adzuna.in/details/2890608757?utm_medium=api&utm_source=e9841bd4,Adzuna API,2026-09-04,Remote / Nationwide,Pan-India,India,2
4686704927,Data Analyst,Not Specified,"Vadodara, Gujarat",Not Specified,Unknown,"We are Hiring for ( Data Analyst ) ( Desired Candidate Profile: Checking ) Analysis and entering data in databases working in a Emergency Control Room and working on Logistics Portal Interface and GPS, Good Communication skill (Hindi & English) Employee Condition:- · Job Location is Vadodara · Girls only work in ‘A’ and ‘B’ Shift · Bond Period is 1 Years and breach to which is strictly not allowed. Special Request / Permissions shall be reviewed for by higher management is case of relieving · R…",R; Communication,2024-05-10,https://www.adzuna.in/details/4686704927?utm_medium=api&utm_source=e9841bd4,Adzuna API,2026-09-04,Vadodara,Gujarat,India,2
4715697356,Data analyst,Sadup Softech,"Bangalore, Karnataka",full_time,Unknown,"Must have skills 3 to 6 years Data Science SQL, Excel, Big Query - mandate 3 years Python/ML, Hadoop, Spark - 2 years Requirements • 3 years prior experience as a data analyst • Detail oriented, structural thinking and analytical mindset. • Proven analytic skills, including data analysis and data validation. • Technical writing experience in relevant areas, including queries, reports, and presentations. • Strong SQL and Excel skills with the ability to learn other analytic tools • Good communic…",SQL; Python; Excel; Data Analysis,2024-06-01,https://www.adzuna.in/details/4715697356?utm_medium=api&utm_source=e9841bd4,Adzuna API,2026-09-04,Bangalore,Karnataka,India,4
5800765376,Data Analyst,Jetking Technologies Private Limited,"Noida, Ghaziabad",Not Specified,Unknown,"Job Description– Data Analyst Qualification: Bachelor's degree in Computer Science, Statistics, Mathematics, or related field Location: Noida sector 127 Experience: • 1–3 years • Proficiency in MS Excel (pivot tables, VLOOKUP, formulas) • Basicknowledge of SQLfor data querying • Familiarity with data visualization tools (Power BI/Tableau)– preferred • Stronganalytical and problem-solving skills • Goodcommunicationskills Roles and Responsibilities: • Collect, clean, and organize data from multip…",Excel; Statistics; Power BI; Tableau,2026-07-15,https://www.adzuna.in/details/5800765376?utm_medium=api&utm_source=e9841bd4,Adzuna API,2026-09-04,Noida,Ghaziabad,India,4
2403881225,Data Analyst,Multi Recruit,"Bangalore, Karnataka",full_time,Unknown,Measure the sales effectiveness efforts using data science/app/digital nudges. Should be able to work on the clickstream data Should be well versed and willing to work hands-on various Machine Learning techniques Skills Ability to lead a team of 5-6 members. Ability to work with large data sets and present conclusions to key stakeholders. Develop a clear understanding of the client’s business issue to inform the best approach to the problem. Root-cause analysis Define data requirements for crea…,Stakeholder Management,2021-08-24,https://www.adzuna.in/details/2403881225?utm_medium=api&utm_source=e9841bd4,Adzuna API,2026-09-04,Bangalore,Karnataka,India,1
5681009000,Data Analyst,Wissen Technology,"Bangalore, Karnataka",full_time,Unknown,"Role- Data Analyst Experience- 2 to 5 years Location-Bangalore Job Role- ● Experience: Minimum of 2 years of professional experience in a data-heavy environment (E-commerce or Fintech experience is a plus). ● SQL Mastery: Exceptional ability to write complex joins, window functions, Analytical functions, and CTEs. Experience with high-scale databases (e.g., BigQuery, Hive, or Postgres). ● Scripting: Functional knowledge of Python for data manipulation (Pandas, NumPy) and basic automation script…",SQL; Python,2026-03-28,https://www.adzuna.in/details/5681009000?utm_medium=api&utm_source=e9841bd4,Adzuna API,2026-09-04,Bangalore,Karnataka,India,2
5857746715,Data Analyst,Square Yards,"Gurgaon, Haryana",Not Specified,Unknown,"Candidate with 2 Years of experience in Google Analytics and BI Should have working experience into Tableau and Power BI Job Description : Work requires ability to deliver complex reports via Google Analytics, previous experience with Google Analytics Experience with creating automated reports via Tableau and Power BI Practical experience with at least two business insights platforms such as: Domo, Tableau, QlikView, Data Studio, Sisense, PowerBI Experience with Google tag management solutions …",Power BI; Tableau,2026-08-27,https://www.adzuna.in/details/5857746715?utm_medium=api&utm_source=e9841bd4,Adzuna API,2026-09-04,Gurgaon,Haryana,India,2
2539490267,Data Analyst,Graphene Services Pte Ltd,"Bangalore, Karnataka",full_time,Unknown,"About Graphene Graphene is a Singapore Head quartered AI company which has been recognized as Singapore’s Best Start Up By Switzerland’s Seedstarsworld, and also been awarded as best AI platform for healthcare in Vivatech Paris. Graphene India is also a member of the exclusive NASSCOM Deeptech club. We are developing an AI plaform which is disrupting and replacing traditional Market Research with unbiased insights with a focus on healthcare, consumer goods and financial services. Graphene was f…",,2021-10-13,https://www.adzuna.in/details/2539490267?utm_medium=api&utm_source=e9841bd4,Adzuna API,2026-09-04,Bangalore,Karnataka,India,0
5814494533,Data Analyst,EXL,"Pune, Maharashtra",full_time,Unknown,"Description Must-Have: ● 4 / 5 years of professional experience as a Data Analyst with good decision-making, analytical and problem-solving skills. ● SQL, Pyspark, Python with Banking Domain knowledge - Credit & Lending. Working knowledge / experience of Big Data frameworks like Hadoop, Hive and Spark. ● Hands-on experience in query languages like HQL or SQL (Spark SQL) for Data exploration. ● Data mapping: Determine the data mapping required to join multiple data sets together across multiple …",SQL; Python,2026-07-25,https://www.adzuna.in/details/5814494533?utm_medium=api&utm_source=e9841bd4,Adzuna API,2026-09-04,Pune,Maharashtra,India,2
5861793858,Data Analyst,Aon,"Bangalore, Karnataka",Not Specified,Unknown,"Job Title - Data Analyst Position type - Full Time Work Location - Bangalore, Noida, Gurgaon Working style - Hybrid Cab Facility - Yes Shift Time - 10am-7pm IST People Manager role No Required education and certifications critical for the role Bachelors or Masters degree in Computer Science, Engineering, or a related field Required years of experience 7-10 years experience in relevant field AON IS IN THE BUSINESS OF BETTER DECISIONS At Aon, we shape decisions for the better to protect and enric…",,2026-08-30,https://www.adzuna.in/details/5861793858?utm_medium=api&utm_source=e9841bd4,Adzuna API,2026-09-04,Bangalore,Karnataka,India,0
5549594782,Data Analyst,Highfly Sourcing,India,full_time,Unknown,"We are seeking a motivated Data Analyst to support business operations by analyzing data, preparing reports, and delivering meaningful insights. The ideal candidate should be comfortable working with data, identifying patterns, and presenting findings in a clear and actionable way. Key Responsibilities: Collect, clean, and organize data from internal and external sources Analyze large datasets to identify trends, patterns, and opportunities Prepare regular and ad-hoc reports for business stakeh…",Presentation,2025-12-20,https://www.adzuna.in/details/5549594782?utm_medium=api&utm_source=e9841bd4,Adzuna API,2026-09-04,Remote / Nationwide,Pan-India,India,1
5602825903,Data Analyst,Hunarstreet Technologies Pvt Ltd,"Vadodara, Gujarat",full_time,Unknown,"Job Overview As a Profile Data Setup Analyst, you will play a key role in configuring, analysing, and managing product data for our customers. You will work closely with internal teams and clients to ensure accurate, optimized, and timely data setup in Windowmaker software. This role is perfect for someone who enjoys problem-solving, working with data, and continuously learning. Key Responsibilities • Understand customer product configurations and translate them into structured data using Windo…",,2026-01-28,https://www.adzuna.in/details/5602825903?utm_medium=api&utm_source=e9841bd4,Adzuna API,2026-09-04,Vadodara,Gujarat,India,0
5768623778,Data Analyst,Ecolab,India,full_time,Unknown,"Job Characteristics: Demonstrates use and application of data analysis principles to examine data systems and determine relationships and meaning of data, as it relates to business and system technical processes, and document accordingly. The employee should demonstrate mastering of skills in at least two of the following data analysis areas: SQL language usage, data governance and security practices, ELT/ETL strategy, quality-of-data evaluation and assessment, and data requirements generation …",SQL; Data Analysis,2026-06-19,https://www.adzuna.in/details/5768623778?utm_medium=api&utm_source=e9841bd4,Adzuna API,2026-09-04,Remote / Nationwide,Pan-India,India,2
5706462425,Data Analyst,Cytiva Life Science,"Bangalore, Karnataka",full_time,Unknown,"Be part of something altogether life-changing Working at Cytiva in the Life Sciences industry means being at the forefront of providing new solutions to transform human health. Our incredible customers undertake life-saving activities ranging from fundamental biological research to developing innovative vaccines, new medicines, and cell and gene therapies. At Cytiva you will be able to continuously improve yourself and us – working on challenges that truly matter with people that care for each …",,2026-04-22,https://www.adzuna.in/details/5706462425?utm_medium=api&utm_source=e9841bd4,Adzuna API,2026-09-04,Bangalore,Karnataka,India,0
4344578568,Data Analyst,Jobdost,"Bangalore, Karnataka",full_time,Unknown,"About the role: We are looking for a motivated data analyst with sound experience in handling web/ digital analytics, to join us as part of the Kapiva D2C Business Team. This team is primarily responsible for driving sales and customer engagement on our website. This channel has grown 5x in revenue over the last 12 months and is poised to grow another 5x over the next six. It represents a high-growth, important part of our overall e-commerce growth strategy. The mandate here is to run an end-to…",,2023-10-02,https://www.adzuna.in/details/4344578568?utm_medium=api&utm_source=e9841bd4,Adzuna API,2026-09-04,Bangalore,Karnataka,India,0
5852342307,Data Analyst,Straatix Partners,"Bangalore, Karnataka",full_time,Unknown,"CAP-190 : Senior Data Analyst Location : Bangalore / Hyderabad / Chennai / Pune / NCR Experience : 7 - 15 Years Job Code : CAP-190 Work Type : Hybrid - 3 Days in a Week About the Client (CODE: CAP) CAP operates at the forefront of the financial services industry, providing consulting, technology, and digital transformation solutions to leading organizations worldwide. With a focus on innovation, CAP empowers clients to navigate complex regulatory landscapes, optimize operations, and drive b…",,2026-08-22,https://www.adzuna.in/details/5852342307?utm_medium=api&utm_source=e9841bd4,Adzuna API,2026-09-04,Bangalore,Karnataka,India,0
5854877435,Data Analyst,Purview India Consulting And Services Llp,"Pune, Maharashtra",Not Specified,Unknown,"We are actively seeking a Hand on Data Analyst who possesses excellent organizational and planning skills, along with a proven ability to handle multiple tasks in a fast-paced environment. We are looking for someone who is highly motivated and self-driven, capable of working independently with minimal guidance or supervision. The ideal candidate will have a strong analytical mindset, utilizing metrics and data to constantly evaluate success and drive improvements in tools, content, and programs…",,2026-08-25,https://www.adzuna.in/details/5854877435?utm_medium=api&utm_source=e9841bd4,Adzuna API,2026-09-04,Pune,Maharashtra,India,0
5592093935,Data Analyst,Hunarstreet Technologies Pvt Ltd,"Gujarat, India",full_time,Unknown,"Job Role : Profile Data Setup Analyst Job Title : Data Analyst Location : Vadodara | Department: Customer Service | Experience : 3 - 5 Years Job Overview A company, we’ve been transforming the window and door industry with intelligent software for over 40 years. Our solutions power manufacturers, dealers, and installers globally, enabling efficiency, accuracy, and growth. We are now looking for curious, data-driven professionals to join our mission of delivering world-class digital solutions to…",,2026-01-20,https://www.adzuna.in/details/5592093935?utm_medium=api&utm_source=e9841bd4,Adzuna API,2026-09-04,Gujarat,India,India,0
5859124126,Data Analyst,Claight Corporation Expert Market Research,"Noida, Ghaziabad",Not Specified,Unknown,"Job Summary/Overview: Claight Corporation (Expert Market Research) is seeking a Data Analyst to join our dynamic team and contribute to data-driven decision-making. The ideal candidate will be responsible for managing, analyzing, and maintaining large data sets while ensuring data integrity, consistency, and security. This position offers an excellent opportunity to develop analytical and technical skills in a fast-paced, research-focused environment. Key Responsibilities: Data Management: Mana…",,2026-08-28,https://www.adzuna.in/details/5859124126?utm_medium=api&utm_source=e9841bd4,Adzuna API,2026-09-04,Noida,Ghaziabad,India,0
3337906172,Data Analyst,Mr n Mrs Pet,"Jaipur, Rajasthan",full_time,Unknown,"Requirements: Bachelor’s degree from university or college in computer science. Work experience as a data analyst or in a related field. Ability to work with stakeholders to assess potential risks. Ability to analyse existing tools and databases and provide software solution recommendations. Ability to translate business requirements into non-technical, lay terms. High-level experience in methodologies and processes for managing large-scale databases. Demonstrated experience in handling large d…",Requirements Gathering; Stakeholder Management,2022-07-22,https://www.adzuna.in/details/3337906172?utm_medium=api&utm_source=e9841bd4,Adzuna API,2026-09-04,Jaipur,Rajasthan,India,2
5835481791,Data Analyst,iamneo - An NIIT Venture,"Coimbatore, Tamil Nadu",full_time,Unknown,"Job Title: Data Analyst Location: Coimbatore Employment Type: Full-time Experience Level: Associate / Senior Associate About Iamneo Founded in 2016 and now part of the NIIT family, iamneo is a fast-growing, profitable B2B EdTech SaaS company that's transforming how tech talent is upskilled, evaluated, and deployed. Our AI-powered learning and assessment platforms help enterprises and educational institutions build future-ready talent at scale. Our product suite — including Neo PAT (student empl…",,2026-08-10,https://www.adzuna.in/details/5835481791?utm_medium=api&utm_source=e9841bd4,Adzuna API,2026-09-04,Coimbatore,Tamil Nadu,India,0
1762829126,Data Analyst,Awign,"Bangalore, Karnataka",full_time,Unknown,We are looking for a result-driven candidate to join our analytics team as a Data Analyst. Duties And Responsibilities 1. Work closely with Operation Head to setup reporting structures using complex formula(s) over Google Sheets. 2. Should be able to use Google Apps Script towards creating simple applications for ongoing projects/clients. 3. To run a detailed analysis of project-level data to generate additional insights for clients in the form of analytical dashboards. 4. To build trackers for…,,2020-10-15,https://www.adzuna.in/details/1762829126?utm_medium=api&utm_source=e9841bd4,Adzuna API,2026-09-04,Bangalore,Karnataka,India,0
5796414147,Data Analyst,Align Technology,"Delhi, India",Not Specified,Unknown,"Description We are seeking a Data Analyst to join our team in India. The ideal candidate will have 1-4 years of experience in data analysis, with a strong background in statistical analysis, data visualization, and reporting. You will be responsible for transforming raw data into actionable insights to drive business strategies. Responsibilities Collecting, processing, and analyzing data to provide insights and support decision-making. Creating reports and visualizations to communicate findings…",Statistics; Data Analysis,2026-07-11,https://www.adzuna.in/details/5796414147?utm_medium=api&utm_source=e9841bd4,Adzuna API,2026-09-04,Delhi,India,India,2
5762286343,Data Analyst,Wissen Technology,"Bangalore, Karnataka",full_time,Unknown,"Experience: 2 Years Mandatory Skills: Data Analysis, Data Mining, Data Validation, Python, SQL, Power BI, Advanced Excel Data Analyst We are looking for 1 Developer/Analyst to support data analysis, data mapping, and report automation initiatives. This is an entry-level role with structured training, ideal for candidates who are detail-oriented, proactive, and capable of working independently in a fast-paced environment. Key Responsibilities Perform data analysis and data validation across vari…",SQL; Python; Excel; Data Analysis; Power BI,2026-06-13,https://www.adzuna.in/details/5762286343?utm_medium=api&utm_source=e9841bd4,Adzuna API,2026-09-04,Bangalore,Karnataka,India,5
5843997406,Data Analyst,HSBC,"Bangalore, Karnataka",Not Specified,Unknown,"Data Analyst Location: Bangalore, KA, IN, 560103 Brand: HSBC Area of Interest: Closing Date: Hybrid Worker Date: 10 Aug 2026 Job description Some careers shine brighter than others. If you're looking for a career that will help you stand out, join HSBC and fulfil your potential. Whether you want a career that could take you to the top, or simply take you in an exciting new direction, HSBC offers opportunities, support and rewards that will take you further. HSBC is one of the largest banking an…",,2026-08-16,https://www.adzuna.in/details/5843997406?utm_medium=api&utm_source=e9841bd4,Adzuna API,2026-09-04,Bangalore,Karnataka,India,0
4992020344,Data Analyst,Appitsimple infotek Pvt. Ltd.,India,full_time,Unknown,"Job role: As a data analyst, you will be responsible for compiling actionable insights from data and assisting program, sales and marketing managers build data-driven processes. Your role will involve driving initiatives to optimize for operational excellence and revenue. Responsibilities: Ensure that data flows smoothly from source to destination so that it can be processed Utilize strong database skills to work with large, complex data sets to extract insights Filter and cleanse unstructured …",,2024-12-30,https://www.adzuna.in/details/4992020344?utm_medium=api&utm_source=e9841bd4,Adzuna API,2026-09-04,Remote / Nationwide,Pan-India,India,0
4514376058,Data Analyst,Qrata,"Mumbai, Maharashtra",full_time,Unknown,"DATA ANALYST About: We allows customers to ""buy now and pay later"" for goods and services purchased online and offline portals. It's a rapidly growing organization opening up new avenues of payments for online and offline customers. Role: Define and continuously refine the analytics roadmap. Build, Deploy and Maintain the data infrastructure that supports all of the analysis, including the data warehouse and various data marts Build, deploy and maintain the predictive models and scoring infrast…",,2024-01-07,https://www.adzuna.in/details/4514376058?utm_medium=api&utm_source=e9841bd4,Adzuna API,2026-09-04,Mumbai,Maharashtra,India,0
2572832371,Data Analyst,BitClass,"Bangalore, Karnataka",full_time,Unknown,"BitClass, a VC funded startup (backed by the investors or Unacademy, Doubtnut, ShareChat, Meesho among others) in the domain of edtech, is looking for a data analyst to help in making better business decisions using information from the available data. The responsibility is to gather and prepare data from multiple sources, run statistical analyses, and communicate your findings in a clear and objective way. Responsibilities - Understanding the business requirements so as to formulate the proble…",Requirements Gathering,2021-10-24,https://www.adzuna.in/details/2572832371?utm_medium=api&utm_source=e9841bd4,Adzuna API,2026-09-04,Bangalore,Karnataka,India,1
5842590109,Data Analyst,Agiliad Technologies,"Gurgaon, Haryana",Not Specified,Unknown,"Leadership and Team Management: Lead, mentor, and develop a team of data analysts and data scientists. Foster a collaborative and innovative team environment. Conduct predictive analysis to identify trends, patterns, and insights from large data sets. Develop and implement machine learning models and algorithms for predictive analytics. Strategic Planning: Develop and implement the data analytics strategy aligned with the company's goals. Identify opportunities for leveraging company data to dr…",Data Analysis,2026-08-15,https://www.adzuna.in/details/5842590109?utm_medium=api&utm_source=e9841bd4,Adzuna API,2026-09-04,Gurgaon,Haryana,India,1
5831397285,Data Analyst,ICE,"Hyderabad, Telangana",Not Specified,Unknown,"Job Purpose We are looking for a passionate Data Analyst to support the Operations Analytics department at ICE. The successful candidate will play a crucial role in extracting actionable insights from large datasets to guide strategic decision making within the organization. Primary responsibilities will revolve around analyzing complex data sets, identifying patterns, and developing models to provide actionable recommendations to our stakeholders. Responsibilities Data Analysis: Collect, clean…",Data Analysis; Stakeholder Management,2026-08-07,https://www.adzuna.in/details/5831397285?utm_medium=api&utm_source=e9841bd4,Adzuna API,2026-09-04,Hyderabad,Telangana,India,2
2635526340,Data Analyst,Amazon,"Bangalore, Karnataka",full_time,Unknown,"Data Analyst Job Description : About GlowRoad: GlowRoad is building India's most profitable social e-commerce platform where resellers share the catalog of products through their network on Facebook, Whatsapp, Instagram, etc and convert them to sales. GlowRoad is on a mission to create micro-entrepreneurs (resellers) who can set up their web-store, market their products and track all transactions through its platform. GlowRoad app has 15M downloads and 1- million MAU's.- GlowRoad has been fund…",,2021-11-12,https://www.adzuna.in/details/2635526340?utm_medium=api&utm_source=e9841bd4,Adzuna API,2026-09-04,Bangalore,Karnataka,India,0
5796410882,Data Analyst,Novel Office,"Kolkata, West Bengal",Not Specified,Unknown,"Job description Proactively analyse data using statistical methods to answer key questions from stakeholders or out of self-initiated curiosity with an eye for what drives business performance, investigating and communicating areas for improvement in efficiency and productivity Create and maintain rich interactive visualizations through data interpretation and analysis integrating various reporting components from multiple data sources Data mining using advance excel formulas Work closely with …",Excel; Stakeholder Management,2026-07-11,https://www.adzuna.in/details/5796410882?utm_medium=api&utm_source=e9841bd4,Adzuna API,2026-09-04,Kolkata,West Bengal,India,2
5796410881,Data Analyst,Novel Office,"Hyderabad, Telangana",Not Specified,Unknown,"Job description Proactively analyse data using statistical methods to answer key questions from stakeholders or out of self-initiated curiosity with an eye for what drives business performance, investigating and communicating areas for improvement in efficiency and productivity Create and maintain rich interactive visualizations through data interpretation and analysis integrating various reporting components from multiple data sources Data mining using advance excel formulas Work closely with …",Excel; Stakeholder Management,2026-07-11,https://www.adzuna.in/details/5796410881?utm_medium=api&utm_source=e9841bd4,Adzuna API,2026-09-04,Hyderabad,Telangana,India,2
5796410883,Data Analyst,Novel Office,"Pune, Maharashtra",Not Specified,Unknown,"Job description Proactively analyse data using statistical methods to answer key questions from stakeholders or out of self-initiated curiosity with an eye for what drives business performance, investigating and communicating areas for improvement in efficiency and productivity Create and maintain rich interactive visualizations through data interpretation and analysis integrating various reporting components from multiple data sources Data mining using advance excel formulas Work closely with …",Excel; Stakeholder Management,2026-07-11,https://www.adzuna.in/details/5796410883?utm_medium=api&utm_source=e9841bd4,Adzuna API,2026-09-04,Pune,Maharashtra,India,2
5796410880,Data Analyst,Novel Office,"Bangalore, Karnataka",Not Specified,Unknown,"Job description Proactively analyse data using statistical methods to answer key questions from stakeholders or out of self-initiated curiosity with an eye for what drives business performance, investigating and communicating areas for improvement in efficiency and productivity Create and maintain rich interactive visualizations through data interpretation and analysis integrating various reporting components from multiple data sources Data mining using advance excel formulas Work closely with …",Excel; Stakeholder Management,2026-07-11,https://www.adzuna.in/details/5796410880?utm_medium=api&utm_source=e9841bd4,Adzuna API,2026-09-04,Bangalore,Karnataka,India,2
5789394746,Data Analyst,ZEISS,"Bangalore, Karnataka",full_time,Unknown,"ZEISS in India ZEISS in India is headquartered in Bengaluru and present in the fields of Industrial Quality Solutions, Research Microscopy Solutions, Medical Technology, Vision Care and Sports & Cine Optics. ZEISS India has 3 production facilities, R&D center, Global IT services and about 40 Sales & Service offices in almost all Tier I and Tier II cities in India. With 2200 employees and continued investments over 25 years in India, ZEISS’ success story in India is continuing at a rapid pace. F…",R,2026-07-06,https://www.adzuna.in/details/5789394746?utm_medium=api&utm_source=e9841bd4,Adzuna API,2026-09-04,Bangalore,Karnataka,India,1
5838433598,Data Analyst,DXC Technology,India,full_time,Unknown,"Job Description: Responsibilities as the Data/Business Analyst: Analyzing the as-is data structures and mapping to new to-be data structures Writing high quality, testable user stories to ensure that these can be estimated, delivered by developers and used to define test automation and which. Analyzing, understanding and documenting existing system behavior, including data mapping and transformation to support integration design as well as identification of system features and data requirements…",,2026-08-12,https://www.adzuna.in/details/5838433598?utm_medium=api&utm_source=e9841bd4,Adzuna API,2026-09-04,Remote / Nationwide,Pan-India,India,0
2853928118,Data Analyst,Extramarks,"Noida, Ghaziabad",full_time,Unknown,Required Experience · 3 years of relevant technical experience as a data analyst role · Intermediate / expert skills with SQL and basic statistics · Experience in Advance SQL · Python programming- Added advantage · Strong problem solving and structuring skills · Automation in connecting various sources to the data and representing it through various dashboards · Excellent with Numbers and communicate data points through various reports/templates · Ability to communicate effectively internally a…,SQL; Python; Statistics,2022-01-30,https://www.adzuna.in/details/2853928118?utm_medium=api&utm_source=e9841bd4,Adzuna API,2026-09-04,Noida,Ghaziabad,India,3
5600377478,Data Analyst,Arcana Analytics,India,Not Specified,Unknown,"Arcana is a portfolio intelligence platform used by hedge funds and asset managers to analyze performance and risk. We’re rethinking the tools institutional investors rely on—and we’re hiring analysts who want to help drive that transformation. We are looking for a Data Analyst to work with large-scale financial datasets, ensure high data quality, and deliver actionable insights through dashboards and reports. The role focuses on building and maintaining robust data quality frameworks and colla…",,2026-01-26,https://www.adzuna.in/details/5600377478?utm_medium=api&utm_source=e9841bd4,Adzuna API,2026-09-04,Remote / Nationwide,Pan-India,India,0
5727163751,Data Analyst,MM Staffing & Career Consultants,"Mumbai, Maharashtra",full_time,Unknown,"Job Description: Position : Data Analyst Location : Mumbai Experience requirement : 2-4Years Joining Date : Immediate to 30 days Job Description Responsibilities: · Utilize SQL, Alteryx, and Tableau/Power BI to extract, transform, and visualize data for analytical purposes. · Demonstrate intermediate-level proficiency in at least one of the major visualization tools (Tableau/Power BI). · Apply working knowledge of Apache Hive, Apache Spark, Impala, Presto, and Snowflake for data processing and …",SQL; Power BI; Tableau,2026-05-13,https://www.adzuna.in/details/5727163751?utm_medium=api&utm_source=e9841bd4,Adzuna API,2026-09-04,Mumbai,Maharashtra,India,3
5574398026,Data Analyst,Topcoder,"Noida, Ghaziabad",Not Specified,Unknown,"Position Overview We are seeking a detail-oriented Data Analyst who will ensure that organizational data is accurately transformed, validated, and prepared for downstream consumption. Key Responsibilities Data Transformation & Integration Design, develop, and maintain ETL/ELT pipelines to consolidate data from disparate systems (databases, APIs, flat files) Apply business logic to normalize, enrich, and standardize incoming datasets Data Quality Assurance Implement validation rules and automate…",,2026-01-09,https://www.adzuna.in/details/5574398026?utm_medium=api&utm_source=e9841bd4,Adzuna API,2026-09-04,Noida,Ghaziabad,India,0
5211779279,Data Analyst,Wissen Technology,"Mumbai, Maharashtra",full_time,Unknown,"Description of Role: We are looking for a career-minded professional with global perspective to join the Mumbai based Data & Analytics Group (DAG). Key responsibilities: As part of the Data & Analytics Group (DAG) and reporting to the Head of the India DAG locally, the individual is responsible for the following – 1.Review, analyze, and resolve data quality issues for enterprise core data in the IM Data Warehouse. 2.Coordinate with data owners and other teams to identify root-cause of data qual…",,2025-05-23,https://www.adzuna.in/details/5211779279?utm_medium=api&utm_source=e9841bd4,Adzuna API,2026-09-04,Mumbai,Maharashtra,India,0
5833582957,Data Analyst,Amex,"Bangalore, Karnataka",full_time,Unknown,"Amex GBT is a place where colleagues find inspiration in travel as a force for good and – through their work – can make an impact on our industry. We’re here to help our colleagues achieve success and offer an inclusive and collaborative culture where your voice is valued. We are seeking an experienced Data Analyst to join our Innovation and Development team at American Express Global Business Travel. In this role, you will lead data-driven initiatives, architect scalable data solutions, and me…",,2026-08-08,https://www.adzuna.in/details/5833582957?utm_medium=api&utm_source=e9841bd4,Adzuna API,2026-09-04,Bangalore,Karnataka,India,0
5831864150,Data Analyst,TEMERL,"Ajmer, Rajasthan",full_time,Unknown,"Back Data Analyst We are seeking a talented and detail-oriented Data Analyst to join our dynamic team. The ideal candidate will have a passion for data analysis, a strong analytical mindset, and the ability to derive actionable insights from complex datasets. Back Back Data Analyst We are seeking a talented and detail-oriented Data Analyst to join our dynamic team. The ideal candidate will have a passion for data analysis, a strong analytical mindset, and the ability to derive actionable insigh…",Data Analysis,2026-08-07,https://www.adzuna.in/details/5831864150?utm_medium=api&utm_source=e9841bd4,Adzuna API,2026-09-04,Ajmer,Rajasthan,India,1
5811736900,Data Analyst,Colruyt IT Consultancy India,"Coimbatore, Tamil Nadu",Not Specified,Unknown,"Job Summary: We are seeking a highly skilled Senior Data Analyst with8-10 years of experience to join our dynamic team. The ideal candidate will utilize their expertise in data analysis, visualization, and business intelligence to support data-driven decision-making across the organization. You will be responsible for transforming data into actionable insights that drive business strategies and improve operational efficiency. Key Responsibilities: Data Collection & Preparation: - Collect, clean…",Data Analysis,2026-07-23,https://www.adzuna.in/details/5811736900?utm_medium=api&utm_source=e9841bd4,Adzuna API,2026-09-04,Coimbatore,Tamil Nadu,India,1
5811736899,Data Analyst,Colruyt IT Consultancy India,"Hyderabad, Telangana",Not Specified,Unknown,"Job Summary: We are seeking a highly skilled Senior Data Analyst with8-10 years of experience to join our dynamic team. The ideal candidate will utilize their expertise in data analysis, visualization, and business intelligence to support data-driven decision-making across the organization. You will be responsible for transforming data into actionable insights that drive business strategies and improve operational efficiency. Key Responsibilities: Data Collection & Preparation: - Collect, clean…",Data Analysis,2026-07-23,https://www.adzuna.in/details/5811736899?utm_medium=api&utm_source=e9841bd4,Adzuna API,2026-09-04,Hyderabad,Telangana,India,1
5850376089,Data Analyst,Egon Zehnder,"Gurgaon, Haryana",Not Specified,Unknown,"The Analyst will be responsible for work on day-to-day Power BI requests. He/She should be able to help the stakeholders on improving the processes via automation of projects. The analysts should be able to deep dive into the data for insights and also be able to formulate Power BI tasks and solutions. Shift Timings: Flexible Principal Responsibilities Request processing - Working on ad-hoc requests, communication with stakeholders. Process management - Quality Control, Maintenance of Power BI …",Power BI; Stakeholder Management,2026-08-21,https://www.adzuna.in/details/5850376089?utm_medium=api&utm_source=e9841bd4,Adzuna API,2026-09-04,Gurgaon,Haryana,India,2
5866126726,Data Analyst,ascendion,"Gurgaon, Haryana",Not Specified,Unknown,"About Ascendion Ascendion is a leader in AI-Native platform driven software engineering company that underwrites outcomes, helping businesses innovate faster, smarter, and with greater impact. We partner with Global 2000 clients across North America, UK, Europe, and APAC to solve complex challenges in data, experience design, software product engineering, and workforce transformation. Powered by expert engineers, thousands of AI agents, and our Engineering to the Power of AI™ (EngineeringAI) me…",,2026-09-02,https://www.adzuna.in/details/5866126726?utm_medium=api&utm_source=e9841bd4,Adzuna API,2026-09-04,Gurgaon,Haryana,India,0
5379021882,Data Analyst,ICAD school of Learning,"Nagpur, Maharashtra",full_time,Unknown,"Job Summary The Data Analyst is required to Data capture, data cleaning, data preparation, data management and data analysis and interpretations required by the Business. Handle data factory with precision and confidentiality. The role is crucial for providing actionable insights to improve teaching quality, enhance student performance, optimize business operations, and drive growth. Essential Job Responsibilities: Academic Data Analysis · Analyze student performance data from internal assessme…",Data Analysis,2025-09-02,https://www.adzuna.in/details/5379021882?utm_medium=api&utm_source=e9841bd4,Adzuna API,2026-09-04,Nagpur,Maharashtra,India,1
